,0
0,"서울관광명소 서울로 7017 남대문시장 명동거리 명동성당 
  오늘 서울걷기는 서울도심에 서울로 7017 보행자 전용공원과 남대문시장을 둘러보고 명동거리와 명동성당을 거쳐 을지로까지입니다 이 거리에도 역시나 코로나 19의 감염우려로 국내외의 관광객이 급감해서 거리의 모습은 썰렁하고 한산합니다 예전에 서울역고가도로인  서울로 7017은 노후로 인하여 철거할 고가도로를 리모델링을 거쳐 차도를 보행자전용공원으로 재탄생 시킨 보행자전용공원으러 서울역의 서부역사와 만리동족에서 부터  남대문시장 앞으로 이어지는 공원은 주변의 서울풍광을  내려다 보며 감상할수가 있는 조망명소입니다 또한 우리나라 최대규모를 가진 전통시장인 남대문시장은  항상 붐비던 곳이였지만 현재의 상황은 외국인 관광객의 발길이 끊겨 썰렁합니다 이러한 상황은 우리나라 최고의 상권을 자랑하는 명동거리도 마찬가지 상황입니다                                                          "
1,"지난번에 포스팅한 외국인 친구를 위한 서울 관광지와 맛집 추천에 이어서 2탄을 작성해보려고 한다. 
https://m.blog.naver.com/foahsldk/221993099050 지난번에는 종로구 위주였다면 이번에는 이곳저곳 관광지와 맛집순으로 소개하려고 한다. 그래도 나름 동선 맞춰서 순서대로 정리했다. 우선 충무로에 남산골 한옥마을이다 ! 북촌한옥마을이 부담스럽다면 여기도 괜찮다.  사실 개인적으로는 여기가 더 좋았는데 사람도 별로없고 사진찍기도 좋고 프로그램 같은 것도 종종 있기 때문이다.  곤장 때리는 것도 있어서 재미로 친구 눞혀서 치는 시늉을 해보기도 했다. 
구경 다 하고 나면 근처에 평양냉면 맛집이 있는데 문이 닫혀있어서 골목길 구경하다가 이동했다.  충무로에 갔으니 바로 옆에 명동에 안들를 수가 없다. 사람 많은건 질색이라 평소에는 싫어하지만 외국인 친구들에게는 한번쯤 보여줄만한 곳이다. 가서 기념품으로 부모님이나 친구들에게 선물해줄 화장품을 골라줬다. K뷰티 열풍이라 한국 화장품을 좋아한다고 한다.  추가로 흥선대원군 별장에 위치한 석파랑이라는 한정식집도 있다. 그런데 여기는 가격이 좀 있긴하다. 음식 먹으면서 마당 경치를 바라볼 수 있는 고즈넉한 곳인데 특별한 경험을 해보고 싶다면 한번쯤 가보기를 추천한다.  그 다음은 혜화쪽으로 넘어가서 이화장을 살짝 구경하고... 공사중이라 출입이 불가능했는데 아직도 공사중인지는 잘 모르겠다.  이화마을이라고 벽화마을을 잠깐 구경하면 좋다. 걸어 올라가기는 힘들어도 경치는 좋다. 하루는 남자친구 촬영 중이라 운좋게 송혜교와 박보검을 실제로 봤는데 신기했다.  그리고 혜화에 갔으니 근처에 창경궁을 꼭 가봐야한다. 개인적으로 고궁 중에서 좋아하는 곳중에 하나라 혜화쪽에 가면 들른다.  입장료도 얼마안하고 넓은데 사람도 별로 없어서 좋다. 역시 멋진 경치는 덤 ! 
그리고는 한성대입구쪽으로 살짝 넘어가야한다. 혜화쪽에 성곽보다는 한성대입구쪽에 성곽이 더 경치가 좋기 때문인데 어느쪽으로 가던 사실 상관없다.  사진찍는 것도 좋고 경치 보는 것도 좋지만 성벽에 올라가면 위험하다 ! 절대 금지
저녁에 성벽 위에 앉아서 술마시는 커플들이 종종있는데 아래로 떨어질까봐 쳐다만봐도 무섭다.  신나게 경치 감상하고 나면 배고프니까 음식집들을 약간 소개해보려고한다. 우선 곱창 도전이 어려운 친구들을 위한 데리야끼 막창 !  친구들이랑은 안암에 있는 홍곱창에가서 데리야끼 막창을 먹었는데 데리야끼 소스와 마요네즈 덕분인지 외국 친구들도 쉽게 먹을 수 있었다. 나도 좋아하는 곳이라 종종 가는데 체인점인데도 불구하고 지점이 몇개 없어서 아쉽다. 저녁 먹었으면 이제 술을 마실차례! 이곳은 내가 굉장히 애정하는 곳인데 한국 전통소주를 잔으로 파는 곳이라 외국인 친구들 오면 꼭 가는 곳이다. 마찬가지로 안암에 있는데, 옛날 한옥스타일
집을 개조한 작은 곳이고 좌석 수가 별로 없어서 혼자나 두명이서 가야하고 3명까지만 입장된다.  한국 전통소주말고 막걸리를 마시고 싶다면 느린마을 막걸리를 추천한다. 여기는 양조장이라 직접 만드는데 나름 이름있는 곳이고 체인점이다.  한번은 양재로 가고 한번은 강남역쪽으로 갔는데 사람이 항상 꾀 있었다. 음식 주문 마감시간이 이르니까 꼭 체크해보고 가야한다.  안주도 한국 전통식이라 좋다. 개인적으로 육전을 선호하고 사계절 이름이 붙은 막걸리 중에서는 가을이 가장 좋았다.  마지막으로 그냥 한식 이것저것 먹어보고 싶다면 역시 자연별곡 ! "
2,
3,
4,
5,
6,
7,
8,"서울가볼만한곳 서울겨울여행지 서울관광명소 강남구 삼성동 코엑스아쿠아리움
서울시의 강남구 삼성동에 한국종합무역센터 지하에 자리하고 있는 수족관인 코엑스 아쿠아리움입니다 이곳에는 전시 수조가 183개이며 사육 수조는 90개를 갖추고 있습니다 수족관 안에 드러가는 수량은 3천 5백톤이며 전시 생물는 650여종에 4만여 마리인 대형 수족관이며 또한 이곳은 국내에선 최고로 많은 개체수의 상어들이 서식하고 있습니다 2000년에 개장한 코엑스아쿠아리움은 환상적인 물의 여행이란 테마로 16개의 테마존을 운영하고 있으며 최신LSS(Life Support System) 설비로써 수족관의 정화와 온도 그리고 염도와 산소를 조절합니다 수족관 안의 사용하는 바닷물은 수돗물을 이용하여 만들어낸 인공적인 해수를 사용하며 또한 해저터널의 수조는 3천톤의 수압을 견디고 투명성이 좋은 아크릴수지 패널을 사용하고 있습니다 금년에는 코로나 19로 썰렁하지만 매년 100만에 이르는 국내외 관광객이 찾고있는 코엑스아쿠아리움입니다 부대시설로는 카페와 선물 상점을 운영합니다                                                                                 "
9,"서울의문화재 서울관광명소 서울가볼만한곳 사적 제123호 창경궁
  서울시 종로구의 와룡동에 위치한 창경궁으로 이곳은 필자의 유년시절에 추억들이 가득한 많은 곳으로 당시에는 문화재라는 인식은 없었고 어린시절 동네 아이들과 어울려 놀았던 놀이터로 당시에는 정문으로 들어기진 아났으며 현재의 국립어린이과학관 옆으로 동네어린이들의 전용출입문(월담)을 이용히여  매일 드나들었습니다 현재처럼 담장이 온전하지는 않아서 여자 아이들도 넘어 다닐수 있었습니다 각설하고 창경궁의 원래 이름은 수강궁이였습니다 세종이 등극하고 당시에 생존해 있었던 상왕인 태종을 모시려고 지은 궁궐입니다 창경궁은  성종 15년에 이르러서 현재 모습의 궁궐의 면모를 갖추았고 수강궁도 창경궁이라 이름을 변경하며 독립적인 궁궐의 규모였지만 당시에는 왕이 살면서 정사를 살피던 궁궐로  쓰지는 않았습니다 이후 창경궁은 임진왜란때 도성 내의 거의 모든 궁궐들 처럼 창경궁도 소실되었습니다 전쟁이후 광해군 7년에 이르러 궁궐들을 중건했지만 이후에도 소실과 복원을 거듭했으며 일제강점기에 들어 창경궁은 치명적인 훼손을 당하게됩니다 일제는 창경궁 내의 모든 전각을 허물어 내고 동물원과 식물원을 만들어 명칭도 창경원으로 격하시켜  왕실에 상징성을 파괴하며 민족혼을 말살하려는 정책을 진행하였습니다 해방이 되었지만 이후로도 1970년대에 이르기까지 벚꽃놀이를 하였던 서울의 유원지로 이용되었습니다1984년에  원래의 창경궁으로 복원하는 공사가 시작되였고 창경원에 있었던 동물들은 과천 서울대공원으로 옮겨가고 창경궁으로 복원하여 오늘에 이릅니다
                                                          "
10,
11,"서울가볼만한곳 서울겨울여행지 서울관광명소 서울도심 천년고찰 봉은사
 서울시의 강남구 수도산에 위치하고 있는 천년사찰인 봉은사입니다 현재 대한불교 조계종에 속해있는 사찰로 원성왕 10년 신라시대의 연회국사가 창건한 사찰로 처음에는 견성사입니다 이후로는 유교를 조선의 통치 이념으로 내 세우던 당시에는 대다수의 사찰이 억불정책으로 억압을 받던 중에도 사세를 확장하고 유지를 하었던 사찰이 봉은사이기도 하며 왕실의 후원을 받았었던 원찰입니다 이는 조선의 왕릉을 관리를 하였던 수호사찰로 지정이된 사찰입니다 연산군 4년에 정현왕후는 조선왕릉인 선릉의 관리를 위해서 사찰을 중창하였습니다 이후 명종 17년에는 문정왕후는 수호사찰을 지금의 자리인 수도산 아래로 옮겼으며 사찰의 명칭도 봉은사라 하였습니다 조선의 봉은사는 선종불교를 대표하는 사찰로 대웅전과 법왕루등의 전각들과 불경 3,479장을 보존해 놓은 전각인 판전이 있으며 이곳 판전의 현판은 추사 김정희의 글씨입니다 이후에는 봉은사의 사세도 기울기 시작하였고 숙종 때에 중건도 하였지만 1939년에 화재에 판전만을 남기고 모두가 불에 타서 소싱되었습니다 현재의 봉은사는 천년사찰 이지만 새로 지어서 예스러운 모습은 없습니다                             "
12,"서울걷기좋은길 서울관광명소 삼청동거리 북촌 감고당길 별궁길
 서울시의 종로구 삼청동거리와 북촌 감고당길과  별궁길은 서울걷기여행의 추천하는 관광코스입니다 외국인 관광객과 젊은이들의 방문객이 많으며 유명 데이트코스이였지만 코로나 19의 3차 유행에 거리는 썰렁할 정도이며 문을닫은 점포들도 있는 상황이기도 합니다 삼청동문화거리는 경복궁 기준으로 동북쪽의 방향에 자리한 마을입니다 삼청동길은 스타일리시한 거리풍경이 아름다운 곳으로 드라마 또는 영화속에서도 많이 등장하는 곳으로 유명합니다 또한 삼청동길은 급격이 변화하고 있는 곳으로 옛 정취들은 사라져 가지만 옛스러움에 더하여 새로움도 함께 공존하는 마을입니다 감고당길은 종로구 송현동으로 입구에 덕성여자고등학교가 위치하고 있습니다 이곳에는 조선시대 숙종의 비 인현왕후가 출궁한후 살았었던 집인 감고당이 있었던 곳이며 별궁길도 지금은 별궁이 남아 있지는 않으며 예스런 모습을 지닌 골목길이 특유의 정취를 지니고 있는 골목이며 과거와 현재의 시간들이 믹스된 거리이기도 합니다                                                              "
13,"서울걷기여행 서울가볼만한곳 서울관광명소 동대문역사문화공원 흥인지문(동대문)
  동대문역사문화공원과 흥인지문입니다 서울시의 중구에 있었던 옛 동대문운동장의 철거부지애 이용하여 조성된 공원입니다 시민에 휴식공간으로또한 서울의 옛 역사도 함께 나타내려는 취지로 조성된 공원입니다 도로변으로 인접하여 위치한 동대문디자인플라자를 짓기전인 2009년에 먼저 개장한 공원입니다 명칭과는 다르게도 이곳은 동대문구가 아니며 서울시 중구에 자리한 공원입니다 이는 모두가 예전의 동대문운동장으로 알려져서 아직도 익숙한 명칭을 사용합니다 또한 공원의 조성시 공사중에 발견된 한양도성의 이간수문과 함께 조선왕조 당시에 유물들과 석물(石物)들도 현장에서 전시되고 있으며 공원의 입구쪽에는 동대문운동장기념관도 있으며 이곳은 옛 동대문운동장 당시의 추억들과 함께 업적들과  옛 동대문운동장에서 열렸었던 역대 스포츠 경기들과 정보 그리고 스포츠 관련한 유물들이 전시되며 옛 동대문운동장 당시에 모습을 본떠서 만든 모형물의 전시도 볼수 있는 전시관도 개방합니다
                                                           "
14,"서울걷기여행 서울관광명소 서울가볼만한곳 동묘구제시장 서울풍물시장
  서울시의 종로구 숭인동에 자리한 동묘벼룩시장과 동대문구의 신설동에 자리한 서울풍물시장을 함께 둘러봅니다  동묘구제시장으로도 불리우고 있는  동묘벼룩시장은 보물 142호로 지정되어 있는 동묘주변에 형성된 시장입니다 기존의 상가와 중고물품을 팔고있는 6백여개소의 좌판들이 어우려져 있는 곳으로 생활용품과 구제물품  골동품이 거래되는 시장입니다 코로나 확산에 손님이 줄기는 했지만 주말에는 10만명이 넘는 방문객을 자랑하던 시장입니다 이곳 시장에서는 각종 TV프로그램은 물론  영화촬영과 뮤직비디오드도 촬영이 이어지는 명소이기도 합니다 필자도  물건을 구입하지는 않아도 사진을 찍으려고 많이 방문하는 시장이기도 합니다 1980년대 형성된 동묘 벼룩시장은 청계천 복원공사에 점포를 잃은 황학동벼룩시장에서 상인들이 유입되어 없는거 빼고는 있을거 다 있다는 시장입니다 보물 142호인 동묘는 3세기 중국의 명장인 관우를 모셔놓은 사당으로 지금은 보수공사를 하고 있습니다 함께 둘러보는 동대문구 신설동 서울풍물시장도 청계천 복원공사에 점포가 철거된 상인들이 모여  당시 시유지였던 현재의 위치에 시장을 짓고  890여 점포들이 서울풍물시장이란 간판으로 2008년부터 영업을 하고있는 시장입니다                                          "
15,"서울관광명소 국립중앙박물관 상설전시관 특별전 '빛의 과학, 문화재의 비밀을 밝히다'관람과 국립중앙박물관 정원산책
 서울시 용산구 용산동에 위치한 국립중앙박물관에서 지금 진행되고있는 기획전시를 관람을 위해 왔지만 1번쩨, 새 보물 납시었네, 신국보보물전과 2번째, 빛의과학, 문화재의 비밀을 밝히다 란 2가지의 기획전시가 전시되고 있었지만 코로나 19에 시차별로 입장 제한 인원이 있어서 신국보보물전의 현장에서의 매표는 전일 매진되었고 본관 상설전시장에서 진향되는 빛의과학, 문화재의 비밀을 밝히다 1가지만 매표를 했습니다  전시를 관람한후  국립중앙박물관의 정원산책을 합니다 국립중앙박물관 본관 전시관의 앞쪽으로는 거울연못을 중심축으로 정원을 조성하여 놓았으며 전시관의 뒷편에는 작은 규모지만 후원도 조성하여 놓았습니다 또한 인접해 있었던 미군부대가 골프장으로 사용했던 부지에 서울시가 조성한 용산가족공원이 있고 국립중앙박물관의 앞쪽으로는 국립한글박물관이 위치하고 있어 모두를 연계해서 둘러 볼만합니다
                                                                                 "
16,"서울전통재래시장 서울관광명소 서울가볼만한곳 광장시장 먹자골목
 서울시 종로구의 예지동에 위치한 광장시장은 서울지하철 1호선의 7번출구부터가 진입이 가깝습니다 광장시장은 관광형시장으로 전통재래시장입니다 특히 먹자골목이 유명하여 한국관광 100선에 선정된 관광명소이기도합니다 외국인 관광객도 즐겨 찾고있는 전통재래시장으로1905년에 개장하여 오늘애 이르기까지 이어오는 긴 역사를 지이고 있는 전통시장이며 서울시민들의 사랑을 많아받는 시장입니다 문화재와 관광지가 즐비한 종로와 청계천관광특구의 가운데에 위치하고 있어 접근성도 좋습니다 지금은 코로나 시국이라서 방문자가 줄었지만 국내외의 관광객의 발길이 이어지는 관광명소입니다 그래서 외국인의 통역을 돕는 관광안내원도 배치되어 활동을 하고있는 시장입니다 광장시장은 5천여 점포에서 2만여명이 종사자가 있늠 대형시장입니다 원단과 직물 한복거래가 많이 이루어지는 시장입니다
                          "
17,"서울의문화재 서울가볼만한곳 서울관광명소 명동대성당 (명동성당)
명동성당은 서울특별시의 중구 명동2가에 자리하고 있는 대한민국 천주교의 최초의 본당이자 한국 가톨릭의 본산으로 우리나라에서 종교사가 아니어도 민주화운동과  대한민국의 근현대사와 함께해온 역사적인 장소입니다 성당의 정식 명칭으로는 천주교 서울대교구 주교좌 명동대성당으로 줄여서 명동대성당과 명동성당으로 부르고 있습니다 1898년에 건립된 유서 깊은 유적지로 사적 제258호에 지정된 국가지정문화재이며 성당이 위치한 명동의 언덕은 한국의 천주교 교회사에서 중요한 부분을 지닌 장소로 한국에서 천주교 최초의 순교자인 김범우 토마스가 살던 집이 있던 자리로써 명례방으로 부리우던 장소로 이곳은 한국에서 최초로 천주교의 전례를 거행한 장소입니다 명동성당은 한국에 지어짐 고딕 양식의 성당중에 제일 큰 규모의 성당입니다 본당의 높이가 23m이고 신랑 높이가 약 19m입니다  탑의 최고 높이는 46.7m이며 성당의 전체 길이가 약 68m로 폭은 28m의 규모입니다 명동성당의 설계는 서울의 중림동 약현성당을 설계했던 코스트신부가 명동성당도 하였고 파리 외방전교회의 재정지원을 얻어서 1892년에 성당 건축을 시작해 1898년에 준공하였습니다 최근 명동성당에서는 2019년에 발생한 코로나19의 3차 유행에  감염을 우려하여 2020년의 성탄대축일 미사는 비대면으로 올렸습니다
                              "
18,"서울여행가볼만한곳 서울비대면관광지 서울관광명소 월드컵공원 평화의공원
 서울시의 한강변인 마포구 상암동에 자리하고 있는 월드컵 주경기장의 주변으로 조성한 난지천공원과 난지한강공원 그리고 노을공원과 하늘공원과 함께 5개소의 공원중 한곳인 월드컵공원 평화의공원은 한국에서 개최하였던 2002년의 월드컵을 대비해서 조성을 하였던 공원중에서 월드컵경기장에서 가장 가까운  앞마당으로 경기장과도 가장 근접하여 있으며 서울 지하철역 월드컵경기장역에서 가까워서 접근성도 좋습니다 13,500여평 의 규모로 도성된 평화의공원은 공원은 한강물을 끌어 들여서 만들어진 난지연못을 강데 두고 조성된 공원의 풍광이 아름다운 곳으로 서울시민과 관광객이 많이 찾는 휴식처이자 힐링공간이기도 합니다 공원의 이름처럼 평화를 기원하는 공간입니다 이곳 평화공원에는 많은 종류의 나무들과 다양한 수생식물들이 함께 자라는 공간입니다                                                     "
19,"서울의문화재 서울겨울여행지 서울가볼만한곳 서울관광명소 유네스코 세계문화유산 창덕궁(사적 제122호)
  서울시 종로구에 위치한 창덕궁은 유네스코 세계유산이며 사적 제122호에 지정되어 있는 국가지정문화재입니다 창덕궁은 유네스코 세계유산이라 외국인 관광객들이 줄을잇던 궁궐이였지만 코로나 19의 3차 유행으로 인해 한산합니다 창덕궁은 조선 시대에 쓰였던 궁궐중에서 역대 임금들이 제일 많이 거처하였던 궁궐로 서울시의 종로구 와룡동에 위치하며 북쪽으로 위치한 창덕궁후원을 포함해서 사적 제122호에 지정정된 문화재로 유네스코 세계유산에도 등재되어 있기도합니다 태종 초기에 별궁 용도로 지어진 궁궐로 이후에도 계속하여 궐내에 정전과 선정전 소덕전 등에 많은 전각들이 계속하여 지어졌으며 궁궐의 정문인 돈화문도 세워져서 마치도 본궁처럼 사용되어진 궁궐이였습니다 1592년에 임진왜란 당시는 정궁인 경복궁과 같이 화재에 소실되어 1608년에 등극한 광해군이 1615년에 불에타 소실된 정궁이였던 경복궁을 대신해서 창덕궁을 재건한후 이곳에서 거처를합니다 이후 1868년에 흥선대원군의 주도하에 경복궁을 새로 짓기에 이르기까지 창덕궁은 마치 정궁처럼 사용되였습니다 광해군 때에 새로 지어진 창덕궁은 여느  궁궐에 비하여서 원형대로 잘 보존되었다고 평가를합니다                                               "
20,"서울관광명소 서울구도심야경 숭례문 남대문시장 명동거리 명동성당 서울시청 서울광장
 수도권의 사회적 거리두기를 2단계로 격상한 첫날의 서울 밤거리의 야경을 담아보았습니다 지금의 서울은 강남과 강북으로 나뉘어서 야경도 새로운 핫플레이스가 많이 있지만 그럼에도 조선시대에서 부터 한양도성의 사대문안이였던 서울의 구도심의 밤거리를 둘러봅니다 숭례문과 대한민국의 최대 규모의 전통시장인 남대문시장과 신세계백화점 포스트타워와 한국은행 롯데호텔과 백화점이 모여있는 남대문로 야경과 유행을 선도하는 메카인 명동거리는 국내외의 유명브랜드들이 집결해 각축을 벌이고 있는 서울거리의 자존심이라 불리는 명동거리와 명동성당도 둘러봅니다 서울시청앞의 서울광장에는 매년 대형 크리스마스트리와 야와 스케이트장이 만들지만 아직 공사는 시작도 않된 상태로써 연말 분위기는 아직 이릅니다 또한 스케이트장은 해마다 운영되었지만 코로나 19의 확산으로 어찌될지 불투명합니다 남대문시장도 명동거리에도 인파는 드물고 썰렁합니다                                           "
21,"서울여행 서울관광명소 서울가볼만한곳 한양도성순성길 숭례문구간 1.8km
서울시 중구에 위치한 한양도성순성길 숭례문구간 1.8km를 걸어봅니다  이구간은 현재 서울도심 통과구간으로 한영도성의 성곽이 가장많이 소실된 구간이기도합니다 백범광장에서 숭례문을 지나서 강북삼성병원 앞의 돈의문 터까지 이어지는 구간입니다 한양도성의 정문이며 도성의 남족에 위치하여 남대문으로 불리우는  숭례문은 한강으로부터 도성을 최단거리로 이어주는 대문으로 사람과 물자의 통행이 가장 많은 성문이였습니다 상업이 발달했던 조선 후기에 이르면  성문 밖에는 칠패시장과 성문 안에 선혜청 창고 앞에는 남대문 조시(朝市)가 성업을하였습니다 이중에 칠패시장은 종루와 이현의 시장과 더불어 도성삼대시로  손꼽았으며 남대문 조시는 현재의 남대문시장으로 발전하여 왔습니다 서구각국과의 통상조약을 체결한후 서울을 개방하였고 남대문 인근의 정동에는 각국 공사관과 함께 외교관 사택들과 선교사들이 세운 교회와 학교들이 지어졌으며 1899년 에 전차가 개통되자  숭례문은 더 이상의  성문의 구실을 못하였고 1907년에는 교통 불편을 이유로  숭례문 양쪽의 성벽이 철거하였습니다 이후에도 남대문로 성곽주변으로 대형 건축물을 지을때 마다 성벽이 철거되어서 숭례문 주변으로는 옛 성벽의 흔적조차 찾아보기 어렵게되었습니다 현재 의 숭례문 구간에서는 그나마 한양도성의 흔적이 남아있는 곳은 세 군데로 밀레니엄 서울힐튼인근과 SK남산빌딩 뒤쪽으로 성벽이 일부 남아있으며 대한·서울상공회의소부터 올리브 타워까지의 길가에 성벽 일부가 조금 남아있고 창덕여자중학교의 담장 밑단 부분에 50m 정도의 성벽을 볼 수 있는 정도입니다 숭례문구간을 돈 숭례문부터 돈의문터 강북삼성병원을 인왕산입구까지 담아보았습니다                            정동교회  정동로터리     중명전  이화박물관   카나다대사관    정동 프란치스코회관     강북삼성병원  돈의문터   돈의문박물관마을   서울시교육청     홍난파가옥   인왕산입구  "
22,"서울걷기여행 서울가볼만한곳 서울관광명소 세운상가 옥상전망대 세운옥상 청계천
 서울시 종로구의 장사동에 위치하고 있는 세운상가에 조성한 서울의 조망명소이자 휴식공간인 옥상전망대인 세운옥상은 코로나의 재확산으로 한동안 개방을 않았었지만 근래 다시 개방한 공공시설입니다 이곳은 종로구를 중심으로 하여 서울도심을 조망할수가 있는 전망대와 휴식처로 조성하였습니다 옥상에서 조망되는 종로구의 지붕은 대한민국 어느 중소도시에서도 볼수가 없는 낡고 오래된 건물들이 빽빽히 들어서 있는 모습이 한눈에 내려다 보이는 곳입니다 세운상가는1967년에 한국에서는 최초로 주상복합타운으로 건설한 건물로 한동안 영화를 누렸지만 이후 많은 전자상점이 용산전자상가로 이사 나가고 철거 논란까지 있었던 세운상가는 근래에  다시세운이란 도시재생사업으로 상권을 되찾아 주고 시민들을 위한 휴식공간과전망대로 조성하여 세운상가 생기 이후 일반 시민에게는 공개 안하던 세운상가의 옥상을 개방하여 전망대로 관광객과 시민에들게 열어 놓았습니다 전망대에서의 조망은 세운상가 주변에 오래되고 낡은 건물들의 지붕과 멀리 발딩숲이 한눈에 들어오며 바로 앞에는 유네스코 세계유산으로 지전되어 있는 종묘와 멀리로는 북한산과 가까이는 남산의 서울타워가 한눈에 조망됩니다 인근에 청계천도 함께 걸어봅니다                                                                                       "
23,"서울여행 서울관광명소 서울가볼만한곳 국립민속박물관 2020년 특별전과 야외전시 추억의 거리
  서울시 종로구 세종로에 위치한 국립민속박물관에서 경자년 쥐를 맞아 기획된 특별전 쥐구멍에 볕든날과 한일 공동 특별전인 미역과 다시마 - 바다가 잇는 한일 일상을 함께 둘러보고 상설전시실은 포스팅한적이 있어 담지 않았고 특별전 관람후에는 야외전시인 추억의거리도 담아 보았습니다  특별전 미역과 다시마는 우리나라 국립민속박물관과 일본 국립역사민속박물관이 공동으로 2015년부터 2019년까지 공동으로 연구한 자료를 바탕으로 전시를 구성하였으며 2020년 일본의 국립역사민속박물관에서도 같은 내용의 전시가 진행됩니다 미역과 다시마는 한국과 일본 양국에서 예부터 친숙한 해초로 많이 먹어온 음식이지만 한국에서는 미역을 더 많이 먹어오며 일본은 다시마를 더 많이 소비히는 서로 다른 식문화를 발전시켜 오고 있습니다 전시의 구성은 '1부 바다를 맛보다'로 한일 양국의 생선가게에서 시작하여 바다에 이르는 과정을 '2부 바다에 살다'는 해산물을 취급하는 어민들의 기술적인면과 신앙도 살펴봅니다 '3부 바다를 건너다'에서는 바다를 둘러싸고 있는 양국의 일상이 근대를 거치면서 변화해 온 양상을 집어봅니다 또한 2020 경자년 쥐띠해를 맞아 기획된 특별전 '쥐구멍에 볕 든 날'은 12지의 첫자리인 쥐띠해를 맞아 쥐가 우리 일상과 함께하는 모습과 문화를 살펴봅니다    국립민속박물관 기획전 한일 공동 특별전 
미역과 다시마 - 바다가 잇는 한일 일상                                        2020 경자년 쥐띠해맞이 기획전시
쥐구멍에 볕 든 날                             국립민속박물관 야외전시장 1960~1980년 서울거리 재현
추억의 거리                          "
24," 서울역사탐방 서울종로여행 서울관광명소 창신봉제거리 박물관 이음피움 봉제역사관
 서울시 종로구 창신동에 자리한 창신봉제거리 박물관이란 거리박물관으로 소규모의 봉제공장들이 밀집한 창신동 봉제거리의 전체애 간펀이나 조형물을 통하여 박물관화 하였습니다 또한 이 거리에 세워진 이음피움 봉제역사관은 우리나라에서 처음으로 봉제산업의 역사의 현장에 세워진 박물관입니다 창신봉제거리 박물관과 함께 이음피움 봉제역사관이 세워진 창신동은 평화시장 노동자의 인권 보장을 외치면서 전태일이 분신하였던 이후인1970년대의 후반에 평화시장과  동대문종합시장과 함께 연계되어 자리한  배후지가 창신동이였습니다 수 많은 작은규모의 봉제공장들이 속속 들어 섯고 현재도 이곳 창신동에는 1천여 곳의 봉제공장이 운영을 하고 있는지역입니다 서울시가 창신동과 숭인동 일원을 통틀어 도시재생 사업에일환으로 창신동 봉제거리에 이 박물관을 건립해서 우리나라 봉제산업의 역사를 되 짚어 가며 봉제산업의 현대화를 지향합니다 지하 1층과 지상 4층으로 건축된 박물관의 지하1층에는 봉제관련 체험실이 운영되며 2층은 한국 전쟁 이후에 우리나라가 이루어낸 봉제산업의 역사도 전시됩니다 3층은 우리나라의 봉제산업을 이끌어온 장인들을 기념하는 공간으로 4층에는 창신동 봉제마을 전체를 조망할수 있는 카페와 전망대가 있습니다                      "
25,"겨울남산공원산책 서울걷기명소 서울관광명소 남산 북측순환로 남산N서울타워 백범광장
 수도권의 사회적 거리두기를 3단계에 준하는 2단계로에 격상된 첫날에 퇴근하고 남산 산책길에 나섯습니다 중구 회현동에 남산 3호터널 옆으로 진입해서 남산 북측순환로를 지나 산정에 위치한 남산N서울타워와 팔각정을 둘러보고 백범광장과 숭례문방향으로 하산하게되 는 코스로 코로나 시국이 아니였다면 붐볐을 외국인 관광객들의 선호도가 높은 남산공원이였지만 현재는 외국인 관광객은 드물고 데이트족과 운동하는 서울시민이 많지는 않지만 간간히 보입니다 지금은 서울의 중심축인 남산은 해발 270m 높이의 얕은 산이지만 조선시대부터 한양의 안산이였던 산입니다 조선시대에는 국태민안을 기원드리던 국사당을 남산에 설치한 산이기도 합니다 현재의 남산 산정에는 팔각정과 봉수대가 자리하고 있고 통신타워로 전망대로도 쓰이는 남산N서울타워가 운영됩니다 과거 조선시대의 통신수단인 봉수대도 자리합니다                                                "
26,"서울여행 서울관광명소 서울가볼만한곳 대한민국역사박물관
서울시 종로구 세종대로에 위치한 한국 근현대사를 담아 전시하는 대한민국역사박물관으로19세기 말 개항기부터 시자과여 현재에 이르기까지의 대한민국의 행보를 기록하여 자료들을 전시하는 박물관입니다 2012년에 개관한 우리나라 최초의 국립 근현대사박물관입니다 대한민국역사박물관은 험난했던 시기의 역경을 딛고서 발전해온 대한민국의 역사들을 전시와 교육  그리고 조사∙연구와 자료의 수집을 통하여 국민과 공유하려고 설립된 박물관입니다 기획전시도 수시로 이루어지며 상설전시는 대한민국의 역사 상황을 시대에 따라서 4개의 전시실로 구성하여 설명하고 있습니다 제1전시실에서는 ‘대한민국의 태동’과 제2전시실은 ‘대한민국의 기초 확립’과 제3전시실은 ‘대한민국의 성장과 발전’과 그리고 제4전시실은 ‘대한민국의 선진화, 세계로의 도약’이란 주제를 가지고 전시를 구성하였습니다 1층에 자리하고 있는 어린이 체험전시실인  ‘우리역사 보물창고’에서는 어린이들이 직접 체험도 하면서 근현대사를 배울 수 있는 공간입니다 또한 3층 기획전시실에서는 우리나라 근현대사 전반에 걸쳐서 다양한 주제를 가진  특별전시를 통하여 대한민국 근현대사를 심층적으로  살펴보는 시간을 가지고 있습니다 그외에도 다채로운 교육프로그램과 문화행사들이 운영되고 있습니다  기획전시 1950년대한국영화 새로운 시대를 열다                    대한민국역사박물관 상설전시실                                       대한민국역사박물관 옥상전망대         대한민국 역사박물관 3층 기획전시실 소리의역사를 담다                              "
27,"서울여행 서울관광명소 서울가볼만한곳 가톨릭국제순례지 서소문성지역사박물관
서울시 중구 칠패로에 위치한 서소문성지역사박물관입니다 기존에 있던 서소문역사공원(지상)의 지하에 조성한  서소문성지역사박물관으로 이곳은 조선시대에 사학 죄인들과 또는 반역 죄수들의 처형장이 있었던 장소로 거듭되는 천주교 박해로 인하여 가톨릭교회의 성직자와 수많은 신자들이 순교한 천주교회의 순교성지이기도합니다 이러한 서소문 밖 네거리에 그동안의 온갖 차이와 차별과 편견을 극복하며 누구라도 찾아와서 서로를 위로하고 화합할수 있는 역사 문화의 새로운 중심 공간으로 역사박물관을 조성하였습니다 2011년 7월 24일에 서울대교구가 문화체육관광부와 서울시와 서울 중구청에 '서소문 밖 역사유적지 관광 자원화 사업’을 제안하여 만 8년 만에 이루어낸 성과입니다 초청자 지상의 서소문역사공원은 수목 45종 700여 주와 함께 초화류 33종 9만 5백여 본을 심어서 녹지로 조성하였으며 서소문역사공원내에는 순교자현양탑과 그 앞에는 프란치스코 교황 방문 기념 제대와 노숙자 예수상이 설치되어 있습니다 특히 박해시대에 사형집행자들이 순교자들을 처형한 후에 칼을 씻었던 뚜께우물을 원래의 장소에 복원하여 농기도하였습니다 지하의 서소문성지역사박물관은 역사자료 전시와 함께 문화 행사들을 통하여 박물관을 찾는방문자를 위로하며 상처를 치유할수 있는 공간으로 140여 종의 교회사와 함께 조선 후기의 사상사 사료를 상설 전시하고 있으며 레퀴엠이 상설 공연됩니다 또한 1만여 권을 소장한 도서관과 기획 전시 공간울 시민들의 쉼터로 개방하고 있습니다 특히 정하상 기념 소성당을 꾸며서 교황청이 승인한 아시아 최초의 국제 순례지로서의 면모를 갖추고 있습니다 이 소성당에서는 순례자들을 위한 매일 미사와 함께 고해성사를 거행하고 있습니다          0                                       "
28,"서울여행 서울관광명소 서울가볼만한곳 농업박물관과 쌀박물관
서울시 중구 새문안로에  위치한 농업박물관과 쌀박물관은 농업중앙회 중앙본부에서 무료로 개방 운영하는 곳으로 우리 농촌의 소중한 전통적인 농경유물들이 시대적인 변화에 따라 급속히 사라져가는 것을 안타깝게 여겨서 이를 잘 보존하여서 후대에 교육용으로 활용하기 위하여 1987년에 설립된 박물관입니다 우리의 농업은 1970년에서 부터 자리잡은 영농의 기계화로 인하여 오랫동안 사용하던 전통적인 농기구들은 방치되고 훼손되거나 멸실되어가기 시작하였습니다 이에 대응하여 농협에서는 우리 농업인들의 땀과 애환이 담겨있는 전통 농기구와 옛 생활용품들을 수집하기 위하여 대대적인 수집과 함께 기증운동을 벌여오고 있습니다 이에 따라서 전국각지에서 수많은 농업인들이 직접 사용해왔던 농기구와  생활용품들을 기꺼이 농협에 기증하여 전시가 이루어디는  농업박물관은 국내 최초로 세워진 30여년 역사의 농업전문박물관으로서 대한민국의 농경문화 창달의 요람으로 자리매김하였습니다 습니다 또한 바로 옆 건물에 쌀박물관은 패스트푸드등과 서구음식문화 확산으로 인하여 쌀의 소비가 줄어들고 있는 시기에 우리 쌀의 역사와 효능 그리고 밥먹는 문화의 확산을 위하여 설립한 박물관입니다                                                               "
29," 서울종로구여행 서울가볼만한곳 서울관광명소 익선동한옥거리 
  서울시 종로구의 익선동한옥마을입니다 여느 한옥마을과는 다른 분위기를 지니고 있는 한옥을 활용한 상가로 많은 곳으로 단점이자 장점은 공목이 좁아 차량 통행이 불가능합니다 서울시 종묘와 인사동 중간쯤에 자리하고 있는 마을로 일제강점기에 일본인들이 이곳에 정착하려는 시도를 막기위해 적은땅에 많은 한옥을 지어 싼값에  한옥을 팔아 일본인의 진입을 막았습니다 이곳은 100여가구의 한옥들이 밀집되여 조성된 마을로써  북촌과 서촌에 이어서 세 번째로 한옥마을로 지정된 마을입니다 그렇지만 다른 주거용이 많은 다른 한옥마를과는 사뭇 분위기 다른 한옥마을로 대부분의 한옥은 내부를 개조해서 현대적인 감각으로 변환하여 상가로 사용하고 있는 특이한 사례입니다 더구나 차가 다닐수가 없는 좁은 골목들이 장점이되었고 좁다란 골목길들은 생소한 풍경으로 서울에 이런데가 있었나 싶을 정도의 특이한 정취를 지닌 곳입니다 20·30대의 젊은층의 인기를 얻은 서울도심에 새로운 핫플레이스입니다                                  "
30," 서울겨울여행지 서울여행가볼만한곳 서울비대면관광지 서울관광명소 한강의 섬 선유도공원
 서울시 영등포구의 선유로에 자리한 선유도공원은 한강속에 위치하고 있는 섬입니다 한강 고수부지공원에서 진입은 보행자 전용교인 선유교로 통행할수 있으며 선유도의 동쪽으로는 양화대교가 선유도에 연결되어 지나며 노선버스가 정차합니다 이곳 선유도공원은 한강 내의 섬인 선유도에 있었던 옛 정수장 시설들을 활용해서 2002년에 개장한 국내에서 처음으로 시도 되어진 재활용생태공원입니다 부지의 면적은 총 11만 400㎡의 규모입니다 1978년부터 2000년까지는 서울시의 서남부 지역에 수돗물을 공급하던 정수장이였지만 이후 2000년 12월에 폐쇄시킨 뒤에 서울특별시는 공원으로 조성해서 2002년에 시민의 휴식공간으로 개방한 공원입니다 주요 시설로는 한강역사관과 수질정화공원 그리고 시간의 정원과 물놀이장 등에 조성되어 있습니다                                                                            "
31,"서울관광명소 서울성북구걷기여행 서울가볼만한곳 삼각산 길상사와 만해한용운심우장
 오늘 서울걷기여행으로는 서울시 성북구에 자리하고 있는 삼각산 길상사에서 만해한용운심우장까지입니다 삼각산 길상사는 서울 도심속에 자리한 한가로운  모습의 사찰입니다 원래에 이곳은 대원각이란 고급 요정으로 이곳의 주인이던 고 김영한은 당시의 시세로 100억대의 요정을 법정스님에게 시주함으로써 사찰로 변화하게된 특이한 사례이며 1995년에 법정스님은 대한불교 조계종의 송광사 말사인 대법사로 사찰등록하였고 초대 주지에는 현문스님이 취임했습니다 이후 1997년에 지금 쓰고있는 길상사라고 이름을 바꾸었습니다 경내에는 극락전과 지장전 설법전과 전각과 요사체기 있습니다  법정 스님은 삼각산 길상사에서 2010년에 78세로 입적하셨으며 대원각을 시주하여 오늘날의 길상사를 있게한 고 김영한은 근대시인 백석의 연인으로 알려져 있는 자야와 동일 인물이며 길상사 시주와  애절한 이 백석과 자야 이 두사람간의 사랑 이야기는 오늘날 까지 회자가 되고 있는 길삼사입니다  이어 둘러본 만해한용운심우장은 개방은 하고 있지 않았지만 담장 너머로 넘겨다만 보았습니다                                    만해 한용운심우장입니다 이곳은 만해 한용운이 1933년부터 1944년까지 살다가 세상을 떠난곳이 심우장입니다 한용운은 충청남도 홍성 출신이먀 본관은 청주고 본명은 정옥이며 용운은 법명입니다 만해는 아호로 만해 한용운은 1919년에 승려 백용성등과 더불어 불교계를 대표한 독립선언 발기인 33인 중에 한 분으로 참가하였으며 3·1독립선언문의 공약 삼장을 만해 한용운이 집필했습니다 "
32,"서울의문화재 서울관광명소 서울가볼만한곳 사적 제 117호 경복궁
 국가지정문화재 사적 제117호인 경복궁입니다 조선 왕조의 법궁으로 으뜸 궁궐이며 북쪽으로는 북악산이 배경이 되어있으며 경복궁의 정문인 광화문의 앞으로는 육조거리(세종로)가 펼쳐져 있는 왕도인 한양(지금의 서울)의 중심으로 경복궁은 1395년 태조 이성계가 지은 궁궐입니다 이후 1592년에 임진 왜란 당시 화재로 소실된후에 빈터로 남아 있던것을 1867년(고종)에 중건을 하였습니다 흥선대원군이 주도로 새로 지어진 경복궁은 5백여 동의 건축물이 가득찬  웅장하게 복원되었습니다 궁궐 안에는 임금이 정사를 보는 정무 시설과 왕족들의 생활공간과 또한 휴식처인 후원 공간도 조성하였습니다 또한 왕비를 위한 중궁과 함께 세자의 생활공간인 동궁도 지어졌고 고종이 따로 주도하여 추가로 지어진 건청궁등이 모두 모여있는 커다란 규모를 가진 궁궐입니다 하지만 일제 강점기 때에 대부분의 건물들이 철거되었으며 근정전 등에 중심적인 건물만이 남았으며 이마져도 조선 총독부 청사를 궁궐 앞에다 지어놓아 궁궐이 가려져 보이지 않게 만들었숩니다 이후 1990년에  경복궁의 복원사업이 시작되여 총독부 건물을 철거하였으며  흥례문 일원을 복원하였고 왕의 정무공간과 함께 왕과 왕비의 침전과 동궁 그리고 건청궁과 태원전도 복원하여 오늘에 이릅니다                                       "
33,"서울가볼만한곳 서울겨울여행지 서울관광명소 서울의문화재 덕수궁 서울광장 환구단터 황궁우 서울성공회대성당
  오랜만에 서울에도 눈이내려 설경을 담으려 찾은 고궁이였지만 서울에 내린눈은 양은 그리 많진 않았고 기온도 영상이라 도로나 인도에 내린눈은 금방 녹아 버린 상황이지만 덕수궁에서 서울광장 환구단과 서울성공회성당으로 한바퀴를 담아봅니다 서울시청 건너편 중구 정동 세종대로에 위치하고 있는 덕수궁은 사적 제124호인 국가지정문화재입니다 구한말까지 고종이 거쳐했던 조선시대의 궁궐입니다 일제 강점기를 지나면서 심하게 훼손되였으며 궁궐영역 또한 많이 축소가 되어서 현재에 이릅니다 덕수궁은 여느 궁궐과는 다르게 석조 건물들이 지어 지면서 그동안에 한옥 건물들이 지녔던 고유한 건축구성상에 많은 변화가 있었던 궁궐입니디 서울광장 인근에 웨스턴조선호텔 경내에 자리한 사적 제157호인 환구단터에 던그란히 남아있는 황궁우와 함께 서울시유형문화재 제35호로 지정된 서울성공회주교좌성당으로 한바퀴 둘러봅니다 성당은 로마네스크 양식의 3층 규모의 성당건물로 1926년 5월에 완공한 성당으로 화강석과 붉은벽돌로 지어졌습니다
                                                         "
34,"서울가볼만한곳 서울여행지 서울관광명소 올림픽공원 사적 제297호 몽촌토성
 서울시 송파구의 방이동에 자리하고 있는 올림픽공원입니다 한성백제의 유적지로 사적 제297호인 몽촌토성 주변으로 조성한 공원입니다 접근성도 좋아 서울지하철 8호선의 몽촌토성역과 서울지하철 5호선의 올림픽공원역에서 진입합니다 또한 유료주차장도 갖추어져 있으며 올림픽공원의 규모는 43만 8000평으로 서울시에서 88 서울올림픽응 대비하여 1984년 4월에 공원화 공사를 시작하여 1986년 4월에 완공한 공원 시설로서 운영의 주체로는 국민체육진흥공단과 함께 한국체육산업개발(주)이 운영하고 있습니다  이곳 올림픽공원은 지난 1986년 서울아시아경기대회와 함께1988년에 치뤄졌던 서울올림픽대회를 위하여 만든 시설이지만 현재는 시민의 휴식시설로 이용되는 종합공원입니다 3개소의 테마공원으로 나뉘어 운영하고 있습니다 산책코스와 건강지압로를 조성하여 놓았으며 인라인스케이팅과 엑스게임경기장도 함께 운영되는 건강올림픽공원이자 또한 사적 제297호로 지정된 문화재 몽촌토성과 함께 몽촌역사관과 조각작품공원 미술관등의 다양한 편의시설들을 갖춘 공원입니다                                 "
35,"서울걷기여행 서울관광명소 서울가볼만한곳 돈의문박물관마을 서울역사박물관
  오늘의 서울걷기여행은 돈의문박물관마을 관람과 경희궁지 내에  위치한 서울역사박물관을 관람후에 한글학회 앞으로 세종문회관을 거쳐서 세종로까지 입니다 돈의문박물관마을은 인접하여 있는 종로구 교남동 일대를 포함하여 2003년에 돈의문 뉴타운지역으로 선정되어서 기존의 건물들을 모두 철거하고 근린공원을 조성할 계획에 있었지만 서울시는 한양도성의 서대문 성문 안의 첫 동네가 지닌 역사적인 가치를 높게 평가하였고 세월따라 흔적도 없이 흘러간 근현대 서울 시민 삶과 함께 기억까지 고스란히 지닌 이 동네를  2015년에 세웠던 기존의 방침을 변경해서 마을의 원형은 유지하고 리모델링하여 마을 전체를 박물관으로 조성하였습니다                서울역사박물관은 서울시의 종로구의 신문로 경희궁지 안에다가  서울시가  건1997년에 건축하여 개관한 박물관으로 서울시의 근현대 역사들을 한눈메 살펴볼수 있는 무료개방하는 박물관으로 상설 전시관은 수도서울의 역사의 흐름속에 이곳 서울에 살았었던 사람들의 생활상의 모습들을 전시해서 빠른 이해를 돕고있습니다  오늘은 여러변 관람했던 상설전시관을 제외한 기획전시장만 관람합니다                                                                 "
36,"서울여행 서울관광명소 서울종로구가볼만한곳 국립민속박물관
서울시 종로구 삼청로에 위치한 국립민속박물관입니다 우리나라의 고유한 민속 자료를 수집하고 보존하며 전시와 이와 관련한 조사와 연구를 위하여 설립한 문화체육관광부 산하의 국립 박물관입니다 경복궁 경내에 위치하고 있으며 현재 쓰고 있는 건물은 예전에 국립중앙박물관이 쓰던 건물입니다 국립민속박물관은 우리민족의 우리민족의 전통생활문화 전반에 걸쳐 관련자료를 상설전시하는 생활사박물관입니다 역사책에도 배울수 없는 우리나라 서민들이 살아왔던 과정들을 자세하게 살펴볼 수 있다 야외전시장에도 70년대 서울의 생활상을 그대로 재현한 실물 크기의 추억의 거리도 조성되어 있어 자라나는 세대에게는 당시의 생활상에 대한 빠른 이해를 돕고 있으며 기성세대에게는 지나시절 추억을 더올리게 하는 공간입니다 박물관의 상설전시는 1전시실에서는 한민족의 생활사와 제 2전시관에서는 한국인의 일상에 관한 전시가 이어지고 제 3전시관에서는 조선시대 먕반가 사람들을 주제로하는 한국인의 일상을 전시합니다 2개의 기획전시실도 있으며 11만 3천여 생활사 관련유물들을 전시합니다
코로나 19 확산 이전에 찍은 사진입니다                                                                                                코로나 19 확산 이전에 찍은 사진입니다 "
37,"서울가볼만한곳 수도권비대면관광명소 서울관광명소 구로구 푸른수목원 항동기찻길
 서울시 구로구의 항동에 위치하고 있는 푸른수목원과 그옆을 지나는 항동기찻길입니다 이곳 푸른수목원은 서울시에서 최초로 조성하여 개원한 시립수목원으로 시민의 휴식처이며 무료로 운영하는 공원 시설입니다 이곳은 구로구의 항동일대에 면적 10만3천㎡의 규모입니다 원래부터 이곳에 있었던 항동저수지를 중심으로 해서 2천백여종의 이르는 식물들을 식재하였으며 25개로 구분하여 나뉘어진 테마원들이 있습니다 주요시설에는 방문자안내소와 숲교육센타가 운영되며 북카페와 가든카페도 있고 한편 푸른수목원 옆에는 한주에 한두번쯤 기차가 오간다는 외선 철길인 항동 기찻길이 있어 많은분들이 찾고있는 명소로 시민들이 이곳 항동 기찻길은 유년의 추억들도 떠올리며 낭만을 따라서 걷을수가 있고 사진도 찍는 항동기찻길은 인기높은 명소입니다                      "
38,"서울종로여행 서울가볼만한곳 서울관광명소 인사동문화의거리 인사동쌈지길 
   서울시의 종로구 관훈동에 자리한 인사동문화의거리의 중간쯤에 위치하고 있는 인사동쌈지길도 같이 둘러봅니다 이곳 인사동거리는 조선시대에서부터 형성되어진 서울에서는 오래된 거리중에 한곳으로 현재는 코로나 19의 여파로 방문자도 줄어들었고 지하층 같은 경우에는 문을 닫은 점포도 많이있어 안타깝습니다 코로나 시국 전에는 내국인은 물론이고 외국인 관광객도 많이 찾고있는 유명관광명소입니다 처음에는 골동품상점이 많아  유명했던 지역으로 인사동도 세월의 흐름속에서 가장 급격하게 상권이 변한 지역중에 한곳입니다 현재는 주점과 화랑를 비롯하여 카페와 유명음식점등 다채로운 상권이 형성되어 있습니다 변해가는 모습에도 오랜동안 서울시민의 사랑을 박고 있는 거리로 인기가 높아진 인사동쌈지길은 공예품전문상가들이 밀집해 있습니다                                  "
39,"서울가볼만한곳 서울 비대면관광지 서울겨울여행지 서울관광명소 북서울꿈의숲
 서울시 강북구 번동에 자리하고 있는 북서울꿈의숲입니다 서울시의 강북구와 도봉구 등 6개구가 함께 접해 있는 초대형 공원으로 이곳 북서울꿈의숲은 예전에는 드림랜드라는 놀이시설이 있었던 부지가 66만여㎡ 규모로 조성한 녹지공원입니다 서울에 위치한 월드컵공원과 올림픽공원 그리고 서울숲에 이은 서울에서 4번째 가는 규모의 큰 공원입니다 숲이 울창하고 풍광이 수려하고 아름다운 벽오산과 오패산이 평풍과도 같이 둘러싸인 공원인 북서울꿈의숲입니다 벚꽃길과 단풍숲 등으로 조성된 생태적인 조경 공간과 함께 대형연못인 월영지와 함께 월광폭포등에 우리니라 고유의 전통경관으로 조성했고 또한 북한산과 도봉산 또한 수락산이 함께 조망항수 있는 49.7미터의 전망대가 설치되어 있으나 코로나 사태로 운영은 중지된 상태압니다 다양한 문화예술 공간으로 꿈의숲아트센터내의 공연장과 꿈의숲 전시장도 운영하는 서울의 대표적인 규모의 공원시설입니다                                                      "
40,"서울가볼만한곳 서울여행지 서울비대면관광지 서울관광명소 서울숲
 서울시의 성동구 성수동 뚝섬로에 자리하고 있는 서울숲입니다 이름은 서울숲이지만 나무들로 빽빽한 숲은 아니며 공원으로 조성한 곳으로 이곳은  예전에는 현재는 과천시로 옮겨간 서울경마장과 골프장 자리에 조성한 공원으로 규모는 약 35만 평 면적에 서울시가 서울숲이란 이름의 테마공원을 2005년에 문을 열었습니다  이런 서울숲은 무료로 시민에세 개방되는 공원시설로 개장한 이후에는 서울시청이 2016년에 민간으로 위탁하여 운영되고 있는공원 시설입니다 위탁을 맡은 (재)서울그린트러스트는 기업과 시민을 대상으로 캠페인과 모금을 통하여서 서울숲의 조성하던 초기부터 함께 했었던 비영리단체입니다 서울숲사랑모임이라는 명칭으로 11년동안 서울숲 안에서 숲체험 그리고 생태프로그램을 기획해고 운영을 해온 단체이기 때문에 관련이 없는것은 이니지만 국내에서 공원을 민간 위탁 운영하는 것은 처음있는 사례였습니다 서울숲은 예전에 체육공원과 경마장 으로 쓰였던 당시에 시설들의 일부들을 공원으로 리포밍했고 도심 속의 녹지란 컨셉에도 잘 맞는 공원입니다                              "
41," 서울의문화재 서울종로여행 서울관광명소 서울가볼만한곳 유네스코 세계유산 사적 제 125호 종묘 
   서울시 종로구 훈정동에 자리하고 있는 종묘는 사적 제125호로 지정되어 있는 국가지정문화재이자 유네스코 세계유산에 등재된 자랑스런 세계적인 문화재입니다 종묘에서 열리고 있는 종묘대제와 종묘재례악도 인류 세계무형유산에 등재되어 있습니다 역사성과 예술성을 함게 갖추고 있는 우리의 문화유산입니다 또한 종묘는 서울의 대표적인 관광명소로써 국내외의 관광객의 발길이 끊이지 않는 곳입니다 종묘는 넓은 면적과 규모의 공간속에 종묘의 정전과 영녕전 그리고 부속 건물들이 딸려 있습니다 종묘는 조선왕조의 신위를 모셔 제례를 지내온 왕실의 사당으로 죽은자와 산자의 만남이 이루어제 되는  공간으로 궁궐처럼 화려하지는 않지만 단아한 모습을 보입니다 종묘에서 열리는 종묘대제는 매년 5월의 첫번째 일요일에 행해집니다 조선왕조의 신위를 모신 사당인 종묘 정전과 영녕전에서는 각기 오전 10시부터 시작되여 오후4시까지 행사가 진행됩니다 또한 어가행렬의 재현행사도 열려 경복궁부터 국왕은 오전 11시 문무백관들과 어가행렬을 시작여 종묘에 이르는 행렬의 옛모습을 재현합니다                                       "
42,"서울여행 서울가볼만한곳 서울관광명소 롯데월드 아쿠아리움
 서울시의 송파구 신천동에 위치한 롯데월드몰에 B1층에 있는 롯데월드 아쿠아리움입니다 요즘은 코로나 19 3차 유행으로 관람객이 줄어 수족관의다양한 생물들이 오히려 사람을 구경하는 듯한 상황입니다 송파구의 제2롯데월드 내의 아쿠아리움은 사람과 자연이 함께 꿈꾸는 바다라는 테마를가지고 650종에 5만5천마리의 해양생물들이 있습니다 수족관 내에 쓰이는 물은 본래의 청정한 바닷물을 인공으로 구현해 내여 사용하며 또헌 25m 규모의 국내에서는 최대의 서식 수조를 갖춘 수족관으로 수조 안에는 전세계 오대양 13곳의 테마존으로 구분하여 전시합니다 전세계 바다속을 실제 모습처럼 옮겨 놓았고 각기의 테마존은 다영한 해양생물과 만남을 가질수 있는 수족관입니다 또한 생태계가 지닌 원래의 흐름을 구현해내여 강에서 시작하여 연안까지 연안부터는 바다까지의 생태계의 흐름대로 관람로를 조성하였습니다                               "
43,"서울여행 서울관광명소 서울가볼만한곳 문화역서울284 ‘호텔사회’ 전시
서울시 중구 통일로에 위치한 문화역서울284입니다 구 서울역사를 리모델링하여 복합문화공간으로 활용하고 있는 곳으로 년중 다양한 전시가 이루어지며 대부분이 무료관람으로 운영됩니다 이번 전시에서 호텔로 변신한 문화역서울 284는 1925년 당시에 경성역으로 완공되어 사용하던 서울역은 2004년에 KTX 고속철도를 개통하면서 역의 기능을 상실하자 ‘문화역서울284’라는 이름으로 구 서울역사를 문화공간으로 변신시켜 활용하느 시설로 이 공간이 이번 전시에서는 호텔로 변신한것입니다 ‘문화역서울284’에서 2020년 3월 1일까지 열리게 되는 ‘호텔사회 HotelExpress 284’ 전시의 내용은  근대 개항기부터 현재에 이르기까지 호텔문화가 도입되고 확산되는 과정으로의 다체로운 호텔문화의 면모들를 살펴볼 수 있는 전시입니다다 1920년대 당시의 만남과 교류를 다루고 있는 ‘익스프레스284 라운지’와 수영장을 통해서 당시의 여가문화를 만날 볼 수 있는 ‘오아시스풀∙바∙스파’와  구 서울역의 여행거점으로의 ‘여행관광안내소’와  호텔의 미용문화를 체험해볼  수 있는 ‘바버 284’와  호텔의 역사적 사료를 통하여 여행과 유흥문화를 살펴보는 ‘호텔사회아카이브’와 1960년대부터 80년대까지 호텔 공연문화와 식문화를 만날 볼 수 있는 ‘그릴 홀’과 호텔의 숙박 이야기를 다루고 있는 ‘객실Room’과 포먼스 공연 ‘살롱 도뗄’ 등으로 구성되어 있는 전시입니다                                                        "
44,"서울여행 서울관광명소 서울가볼만한곳 종로구 돈의문박물관마을
서울시 종로구 신문로에 위치한 돈의문박물관마을입니다 이곳은 한양 도성안에 서쪽의 성문안 첫동네로 형성되어 근대에 이르기까지 서울의 역사를 담고있는 동네로 근대의 삶과 역사와 켜켜이 쌓인 기억들을 고스란이 간직하고 있는 마을로 재재발로 철거되지 않고 도시재생사업의 일환으로 돈의문박물관마을이란 이름으로 새롭게 태어난 마을입니다 최근 ‘근현대 100년, 기억의 보관소’라는 콘셉트로 새로이 단장하여 재개장하였고더구나 무료로 운영하고 있는  돈의문박물관마을은 맣은 관람객이 방문하고 있는 서울의 명소로 자리매김하였습니다 돈의문박물관마을이 지향하는 ‘살아있는 박물관마을’이란 정체성을 살려서 일 년 내내 전시와 행사 그리고 체험 등이 펼쳐지는 시민참여형 문화공간으로 운영하고 있습니다 특히 3.1운동과 대한민국 임시정부 수립 100주년을 기념하는 테마 전시관인 ‘독립운동가의 집’ 전시관과  60~80년대의 가정집의 부엌과 거실 그리고 공부방을 그대로 복원하여 놓아  관람객의 추억을 소환해 내는 ‘생활사 전시관’과 세대별 휴대폰 전시및 아리랑 등 시민 소장품을 전시하고 있는 ‘시민갤러리’ 등이 관람객에게 인기가 높습니다 또한 ‘돈의문 콤퓨타게임장’과 ‘새문안만화방’과 ‘새문안극장’ 등이 아날로그적인 감성공간으로 부모와 아이들과 함께 옛 감성을 즐길 수 있는 공간입니다 전통문화 명인들이 운영하고있는 ‘체험교육관’에서는 한지공예와 서예 자수공예와 닥종이공방 등 전통한옥과 어울리는 체험프로그램이 매일 5회 관람객들에게 제공되며 ‘마을창작소’에서는 시대별 놀이 체험과 레트로 콘텐츠 전시와 한옥 체험 등을 진행합니다                                                                                               "
45,"서울여행가볼만한곳 서울겨울여행지 서울관광명소 강남구 코엑스 별마당도서관
 서울시 강남구의 영동대로의 스타필드 코엑스몰의 B1층에 자리하고 있는 코엑스 별마당도서관입니다 이곳 도서관은 휴식과 만남의 공간으로 제공되는 곳으로 책을 주제로 하여서 소통하는 문화 감성 공간입니다 누구나 무료로 이용할 수 있도록 열려져 있는 공간입니다 코엑스 별마당 도서관의 위치는 센트럴플라자의 중심점에 면적 총 2,800㎡ (약 850평)의 규모이며 복층으로 구성되어 있습니다 13m 높이를 가진 서가는 은은한 조명과 으로 편안한 느낌의 공간을 연출하고 있으며 서재를 컨셉으로 하는 다양한 테이블과 노트북 작업을 가능하게 하는 콘센트를 갖추고 있습니다 굳이 책을 읽지는 않더라도 사색과 여유도 함께 즐길수 있는 공간이기도 합니다 또한 만남을 위한 약속의 장소로도 제공되는 공간이기도 합니다 코엑스 별마당도서관에는 총 7만 여권에 이르는 장서를 갖추고 있는 열린공간입니다                               "
46,
47,
48,
49,
50,
51,
52,
53,
54,
55,
56,
57,
58,
59,
60,
61,
62,
63,
64,
65,
66,
67,
68,
69,
70,
71,
72,
73,
74,
75,
76,
77,
78,
79,
80,
81,
82,
83,
84,
85,
86,
87,
88,
89,
90,
91,
92,
93,
94,
95,
96,
97,
98,
99,
100,
101,
102,
103,
104,
105,
106,
107,
108,"대한민국에서 가장 높은 빌딩의 시설관리는 어떻게 이뤄질까요? 지하 6층에서 지상 123층을 잇는 엘리베이터 로프 교체에만 무려 20여 일이 넘는 대장정이 이어진다는 사실! 오직 로프에만 의지한 채 높이 555m에 매달려 일을 하는 시설 관리팀을 극한직업에서 만나봅니다.  하늘을 찌를 듯 높이 솟은 초고층 빌딩! 관람객들은 117층과 123층의 전망대에서 탁 트인 서울의 풍경을 감상합니다. 123층을 넘어 더 높은 곳으로 오르는 사람들이 있습니다. 바로 고공 작업자들! 건물의 옥상에 있는 랜턴부의 가장 높은 곳인 555m 지점에는 낙뢰를 방지하기 위한 14개의 피뢰침이 있습니다. 작업자들은 구름보다 더 높은 곳에 있는 작업 현장에서 매달 거센 바람과 싸우며 피뢰침 유지 보수에 힘쓰고 있는데요. 랜턴부 541m 지점에는 구조물과 구조물을 이어주는 철제 다리인 '스카이 브릿지'가 있습니다. 일반 관람객도 직접 걸어볼 수 있다는 스카이 브릿지. 아찔한 풍경에 비명과 감탄사가 절로 나온다는 스카이 브릿지 봄맞이 재개장을 앞두고, 안전 점검과 고객 응대 훈련을 하는 직원들을 만나봅니다. 밤이 되면 아름답게 빛나는 초고층 빌딩의 야경! 여기에도 작업자들의 노고가 숨어있습니다. LED 조명이 건물 외벽에 붙어있기 때문인데요. 조명을 교체하기 위해 작업자들은 곤돌라를 타고 건물 외벽으로 나갑니다. 고공 작업은 바람과의 사투이죠. 바람이 초속 5미터가 넘는 순간 안전을 위해 모든 작업은 중지됩니다. 문제는 건물 외벽이 아닌 타워 랜턴부에 위치한 경관 조명인데요. 곤돌라를 설치할 수 없어 줄을 타고 내려갈 수밖에 없기 때문! 국내 방송 최초, 초고층 빌딩에서 로프에 의지한 채 조명을 교체하는 아찔한 작업 현장이 공개됩니다. 테러와 위험물로부터 건물을 지키기 위해 자체적으로 대 테러팀을 24시간 운영합니다. 특수부대 출신들과 폭발물 탐지견으로 이루어진 대 테러팀! 총면적이 축구장의 110배에 달하는 건물을 하루 2번 순찰, 하루에 4만 보 이상 약 28km를 걷게 되는데요. 건물을 한 바퀴 도는 데 꼬박 2시간이나 걸립니다. 그리고 고층 빌딩의 꽃인 엘리베이터! 이곳엔 지하 6층에서 지상 123층을 잇는 대한민국 최장 엘리베이터가 있습니다. 강철을 꼬아서 만든 로프 1개의 길이는 무려 약 600m! 무게도 1톤이 훌쩍 넘는데요. 폐로프를 폐기하고 새 로프를 올리는 데 하루 이상이 걸리지만 엉키기라도 하면 큰일이기 때문에 긴장의 끈을 놓을 수 없습니다. 지금까지 어디에서도 볼 수 없었던 초고층 빌딩의 엘리베이터 로프 교체 과정이 공개됩니다.
극한직업 <초고층 빌딩 시설관리팀 24시>
여러분의 많은 시청 부탁드립니다."
109,
110,
111,
112,
113,
114,
115,
116,
117,
118,
119,
120,
121,
122,
123,
124,
125,"안녕하세요~!
이제 완전 봄이 되었나봐요ㅎㅎ
낮엔 정말 따뜻하더라구요😀
하지만 밤엔 쌀쌀한 것 같기도 한 4월입니다.
이럴 때 일수록 외투 꼭 챙기고 감기 조심해야하는 거 아시죠??
이번엔 날도 풀렸겠다..
슬슬 무더운 #여름 #여름휴가 가 생각나서 작년 여름을 꺼내왔어요ㅎㅎ
2019년의 무더운 날 #서울여행을 했답니다!
 1일차엔
 #쌈지길 에 가서 아기자기한 가게들을 구경하고
 #똥빵 도 먹구 
근처에 있는 #익선동 도 구경했어요~!
그리고
 정말 가보고 싶었던 #북촌한옥마을 도 방문했는데..
아쉽게도 발이 아파서 한복은 못 입었답니다😂
하지만 여행을 마무리할 순 없죠!
카페에서 잠시 쉬고 나서
 #광화문 으로 향했어요~!
시간이 마감되서 들어갈 수 없어서 밖에서 한 컷! 그렇게 서울여행 1일차를 마무리 하였습니다.😆
(은근 알차게 하루 보냈네요ㅎㅎ)
그럼 
대표 #서울관광지 #서울관광명소 하나하나 기록해볼게요❣ 서울을 많이 안와봤던 저는..
이날 쌈지길에 처음 와봤습니다ㅎㅎ
외국인들이 많고 정말 복합문화공간이더라구요~! 신기하고 이뻐서 입구를 많이 찍었었어요:)
쌈지길의 ㅆ이 크게 입구 느낌을 확! 주었답니당. 인증샷을 찍을 수 있는 포토존은 옆쪽에 있었어요~!
그런데 입구다 보니 사람들이 많이 지나다녀서
후다닥 찍고 들어가야 했답니다! 내부로 진입!
와 사람 정말 많네요...
이게 2020년도 사진이였다면 문제됐을 법한..
(사회적 거리두기 때문에 사람들이 몰려 있는 장면이 이젠 낯설어요😂)
주말 나들이, 서울이나 경기도 사는 커플이 데이트로 오거나
외국인들, 타지인들이 서울여행 온듯 했어요:)
가벼운 짐도 보이지만 큼지막한 배낭을 맨 사람도 몇 보이죠??
저도 후자 중 한명이었답니다.ㅎㅎ
부산에서 서울로!!!! 옆쪽에 팔았던 똥빵이에요!
웰컴 투 인싸동 쌈지길이라는 글씨와 함께
찰칵!
이거 팥있는 거랑 초코?였나 이렇게 두개 샀었는데
초코 들은 게 정말 맛있더라구요!!!!😋
사진에서 먼저 한입 먹고
급하게 인증사진 찍은 건 안비밀😆 겉은 구경했으니
이제 계단을 타고 내려가보겠습니다.
여러 가게들이 있고
벽엔 알록달록한 그림이 있었어요.
쌈지길 정말 이쁘고 볼 거 많았는데
가려는 곳이 많아서?
가게 체험은 하지 않고 그냥 빠져나왔답니다!
제가 서울쪽 살았으면
심심하면 쌈지길 구경하고 체험하고
똥빵 사먹구ㅎㅎ그랬을 것 같아요! 서둘러 다음 서울관광지로 가는 길~!
그냥 길거리도 특유의 느낌이 들어서
사진을 안찍을 수 없었어요ㅎㅎ
위에 찍은 인사동 그집이란 곳 외부가 참 느낌있죠??
다음에 서울 방문하면 가봐야겠습니다😆  그렇게 인사동을 뒤로 하고
도착한 곳은..
익선동!!!
사실 서울여행 준비하면서 찾아본 곳들 중에
가장 기대되는 곳이었어요.
알록달록 이쁘게 꾸며진 거리랑 가게가
제 맘에 쏙 들었어거든요ㅎㅎ
사진엔 구름이 흐리게 나왔지만
다행히 비는 안왔어요!
들뜬 마음으로 온 서울여행인데 
비오면 안돼애~~~~~~!!!!
흐린 구름이 없었으면 더 이쁜 사진이 되었을텐데 아쉬워요ㅜ.ㅜ 익선동을 그리고 익선동 자체를 담은 곳.
문구가 여기가 이 지역의 특색, 상징이라고 말하는 느낌입니다.ㅎㅎ
유명해서 말만 들었던, 사진만 찍었던 익선동!
이날 직접 보고 사진 찍으며
재미나게 구경했어용 그러면서
이쁘다 생각되는 거리랑 가게를
여기저기 찰칵! 했답니다:) 들어가기 전에 입구샷~!
익선동의 시작!
누가 문구랑 글씨 디자인 한 건지
다 감각적이고 이쁜 것 같아요:)
시작부터 설레는 느낌을 가득 담은 사진이에요😆 카페인듯~꽃집인듯~
익선동의 매력은 이렇게 가게마다 특색있게
이쁘다는 거에요!
식물을 배치해둠으로써 보는 사람도 편안하고
사진에도 이쁘게 나오고ㅎㅎ
초록빛이 정말 화창했어요.😀 느낌 있는 배경에서
느낌있게 한 컷! 해야겠죠??
지나가는 사람들이 많아서
 길 비켜주고 힘들게 찍었던 기억이 납니다ㅎㅎ
그만큼 핫한 #서울익선동 🤗
거리, 가게, 벽쪽 다 디테일하게 꾸며놔서
어디서 찍든 인생샷이 만들어지더라구요:) 특히 익선동 거리 통틀어서
가장 이뻤던 카페!
밖에 사진처럼 꽃으로 장식해두고
장식용뿐만 아니라 구매용으로 살 수도 있었어요.
밖에선 알록달록한 꽃과 외관에 취하고,
안엔 향긋한 커피로 쉬어갈 수 있는 곳인듯 해요:)
전 그날 서울 관광지 싹 가볼 결심으로
여기에 들어가진 않았어요ㅜㅜ
시간 너무 부족!!!
다시 서울 여행간다면 익선동 이 카페를
제일 먼저 방문하고 싶습니당:) 아쉬운대로
외부에서 꽃들과 찰칵!
위쪽엔 산뜻한 색깔의 우산이 있는데요,
이런 소품덕에 더 가게가 돋보이는 것 같아요.
색감이 알록달뢰 이쁘게 어우러져 있네용😊 영클 비디오 타운!
사람이 너무 많아서 특색있는 가게를
한눈에 담을 수 없었어요ㅜㅜ
아쉽지만 독특한 외관을 살짝살짝 찍고
지나갔답니다..! 그러다 발견한
퍼플베리 아이스크림!
#익선동아이스크림 #익선동퍼플베리
#익선동인싸템 #익선동명물
이라고 적힌 현수막과 보라빛 아이스크림 사진,
그리고 길게 선 줄을 보고
냉큼 저희도 줄섰습니다.ㅎㅎ
거의 일년 전에 먹었던 거라 맛은 가물가물하지만..
더웠던 날씨 속에서 목을 축이는 순간이었어요:) #익선동홀리데이베이커리
아이스크림을 걸으면서 먹다가
사람도 많고 해서 길쪽에 서서 먹었어용
그리고 다시 구경 시작!
이 가게도 되게 이쁘지 않나요??😊
걷다가도 멈춰서 찰칵!
찍었습니당ㅎㅎ 이건 익선동 지도에요!
전 싹 둘러보진 못했고 가고싶은 길로 가다가
한바퀴 돌고 나왔습니당.
시간은 우릴 기다려주지 않기에...ㅜㅜ
다음 서울관광지로 고고!!! 어디로 가는 길일까요~?
다행히 아직 날이 저물지 않았어요ㅎㅎ
좀 빡쎈 코스이긴 하지만
인근에 있다싶으면 방문해줘야겠죠???
저 사진 속에서 향하고 있는 곳은
바로 북촌한옥마을입니다! 제가 위 사진을 찍은 이유는
브랜드간판이 한글로 되있었기 때문이에요:)
뭔가 낯선
배스킨라빈스라는 글자의 간판...
우리가 얼마나 영어간판에 익숙해져 있는지 알 수 있는 순간이에요.ㅎㅎ
물론 브랜드자체가 영어이름이니 당연한 것이지만! 북촌한옥마을 가는 길도
가게들이 참 이뻤어요.
마치 익선동 그 거리의 연장선 같은 느낌?? 다시 하늘도 맑아지고~!
여러 관광지를 알차게 봤다는 생각에
기분이 좋았던 순간입니다.
(앞으로 다가올 고통을 모른 채...) 좋은 기분을 유지하며 북촌한옥마을 이곳저곳에서 사진을 찍었어요ㅎㅎ
그치만 높은 굽? 때문에 발이 너무 아픈거에요ㅜㅜ
사실 이 전전날?부터 발이 탱탱부어서 정말 아팠었답니다...
그래도 이날은 발 상태가 괜찮았었는데
많이 걸어서인지 고통이 찾아오더라구요. 그래서 북촌한옥마을에 있는 카페에
들려 쉬는 시간을 가졌어요ㅎㅎ
시원한 빙수와 수박주스!!!
(지금 느끼는 거지만 메뉴선택을 보아하니
당시 매우 지쳤었던 것 같네용😃)
여기서 이런저런 얘기도 하고~
발 상태도 회복을 했어요!
다만 아쉬운 건 한복을 입어보지 못했다는 거..
😂 아쉬운대로
북촌한옥마을의 느낌이 담긴 곳에서
사진을 여러장 찍으며 북촌구경을 마무리했습니당:)  마지막 코스는 광화문!!
참 안타깝게도 저희가 간 시간은 들어갈 수가 없더라구요...
이 안까지 구경하면 완벽했는데..ㅠㅠ
아쉬운대로 외부에서
사진을 잔뜩 찍었습니다..ㅎㅎ
다음엔 꼭 시간 맞춰서 방문할거에요!! 아쉬운 마음에 한 컷더..!
여담이지만 너무 아쉬운 나머지 근처에 있는
다른 문에 갔는데
그것도 입장 시간이 마감되서 못들어 갔다는 슬픈 이야기가...😂 마무리는 #꼬꼬아찌 로!
서울에 왔는데 그 지역의 음식이 아닌
체인점이라 좀 머쓱하지만..ㅎㅎ
저녁겸 야식겸 먹고 서울여행 1일차를 마무리했습니다! 네!
이번엔 2019년 여름에 갔던 서울을 기록해보았는데요,
당시엔 알차게 여러곳 방문해서 좋았는데
다시보니 아쉬운 부분들이 좀 있네요ㅜㅜ
그치만 같은 대한민국이고,
또 언제든 시간내면 가볼 수 있으니까요!
다음을 기약하며 아쉬움을 달래려합니다ㅎㅎ
얼른 코로나가 종식되고
여기저기 여행가고 싶어요ㅜㅜ
그럼 그때까지 모두 몸 조심하세요!
감사합니다:)"
126,
127,
128,
129,"23기 프로보노 AIRPLANNING팀 11 월 카드뉴스
 과거와 현재가 공존하는 서울
안녕하세요 제 23기 bbb 프로보노 문화기획팀 에어플래닝입니다!
11월  24일, 23기 프로보노는 여러 문화권의 사람들을 위한 서울 투어 봉사를 진행하였는데요,
이번 달에는 과거와 현재가 공존하는 서울의 여행 명소 네 군데에 대해서 알아보겠습니다!
 오늘은 여러분도 반복되는 일상에서 벗어나 서울 곳곳에 숨겨진 한국의 과거를 엿보는 것은 어떨까요?  경복궁은 수도인 서울의 중심이자 조선 왕조 제일의 법궁입니다.
고려가 멸망하고 조선이 건국된 후에 개경 (현재 개성)에서 한양으로 도읍이 변경면서,
새로운 도읍에는 새로운 궁궐이 필요하기
때문에 경복궁이 만들어졌다고 합니다 :) 독립문은 대한제국기 자주독립을 위해 세운 석조문으로
 청나라에 조공을 바치는 나라에서 벗어나 자주 독립한 대한제국임을 기념하기 위해 건립되었어요. 어제와 오늘이 공존하는 마을이자 살아있는 역사와 문화의 공간인 북촌한옥마을도 있습니다! 
북촌한옥마을은 조선시대에 조성된 양반층의 주거지가 근대적으로 변형되면서 
새로운 도시주택유형으로 정착되어 오늘날의 모습이 되었답니다!        
     덕수궁은 비운의 왕, 고종의 거처였던 궁궐입니다.
고종의 재위 말년 약 10년간 정치적 혼란의 주 무대가 되었던 장소로, 궁내에 서양식 건물이 여럿 지어진 것이 주목되고 있어요.
.
.
.
.
.
이렇게 서울에도 역사가 담긴 명소들이 많다는 사실을 
제 23기 프로보노 에어플래닝의 올해 마지막 카드뉴스로 소개해드렸습니다 :-) 그럼 행복한 연말보내세요!"
130,
131,
132,
133,
134,
135,
136,"대한한국 문화 홍보 활동의 일환으로 제가 직접 제작한 서울 관광명소 TOP7 소개 카드 뉴스입니다!! 서울시 공식 관광정보 웹사이트(http://korean.visitseoul.net)를 참고하였습니다. 공유해주시면 정말 감사하겠습니다!! ㅎㅎ
He hecho card news sobre atracciones más famosas de Seúl!! ¡Compartan está publicación, por favor!! :) "
137,"서울관광재단 영상으로 즐기는 스마트한 서울관광 1탄. 
사회적 거리두기로 실내에 머무는 시간이 많아진 요즘, 
잠시나마 답답함을 잊을 수 있도록 서울관광재단이 틱톡(TikTok)과 함께 온라인에서 자리를 마련 합니다.
4월 14~18일  #석촌호수, #남대문, #남산, #한강, #경복궁 등 서울 대표 명소 풍경  ‘SEOUL NOW’ 라이브로 온라인 중계됩니다.   서울관광재단 공식 틱톡 계정(@visitseoul)에서 시청 가능 합니다. 
각자가 보는 현재 서울의 모습을 공유하는 참여형 캠페인 ‘지금 너의 서울을 보여줘 #SEOULNOW’로 후속 챌린지도 이어갈 예정이며, 해당 이벤트는 #SEOULNOW #StayStrongSeoul 해시태그와 함께 틱톡 개인 계정에 업로드하면 됩니다. 
참여하면 40명을 선발하여 푸짐한 혜택도 팍팍!! 발췌 : #서울관광재단 자세한 사항은 보도자료 확인
http://www.sto.or.kr/board/archive/press/view.do?curPage=&ctgryNo=&srchKey=&srchText=&nttNo=1470"
138,
139,
140,
141,
142,
143,"서울에 있는 우리나라 4대고궁 중 하나 창경궁. 
창덕궁과 서로 붙어있으며, 사실상 하나의 궁궐로 따로 '동궐' 이라 부르기도 함. 
창덕궁의 생활공간을 보충하는 역할을 하여 왕과 왕비, 후궁, 공주, 궁인 등의 처소로 사용되기도 했다. 
일제 강점기에는 궁 내 건물들을 헐고 동물원과 식물원을 설치하여 '창경원' 이라 격하시킨적도 있었다. 
1983년부터 동물원을 이전하고 원래 모습으로 복원을 진행하고 있는 중.  지하철 4호선 혜화역과 3호선 안국역 사이에 있는 궁궐이다. 
경복궁, 덕수궁, 창덕궁과 함께 우리나라 4대 고궁으로 손꼽히는 곳으로 서울에서 꼭 둘러봐야 할 관광명소 중 하나다. 
창덕궁은 담장 하나를 놓고 바로 인접했고, 남쪽의 도로 건너편은 종묘가 위치하고 있다. 
원래 종묘도 창덕궁-창경궁과 하나로 이어지는 곳이었는데, 일제강점기에 중간에 일본식 육교를 내어 갈라놓았다.  
길을 끊어놓은 의미는 - _ -;, 굳이 말하지 않아도 ... 
현재는 종묘와 창덕궁-창경궁을 잇는 공사 (율곡로를 터널화시키고 상부에 흙을 덮는 공사) 가 진행중이다.   홍화문 (출입문) 세종대왕때 상왕인 태종을 위해 창덕궁 동편에 창건된 궁은 '수강궁(壽康宮, 1418년)' 이었다. 
'목숨 수' 에 '편안할 강' 이니, 태종이 건강하게 오래 살기를 기원하는 공간이었으리라. 
그리고 성종이 수강궁의 자리에 궁궐을 다시 짓고 이를 '창경궁(昌慶宮, 1483년)' 이라 하였다. 
3명의 대비를 위해 준비한 공간으로, 창덕궁과 사실상 하나의 궁궐로 창덕궁의 부족한 생활공간을 채워주는 역할을 했다. 
나라 제일의 법궁인 경복궁을 기준으로 동쪽에 있다 하여 '동궐' 이라 부르기도 했다.  출입문인 홍화문, 그 뒤로 펼쳐지는 명정전 일원, 
명정전의 뒷편으로 숭문당, 함인정 등 건물이 몇 채 있으며, 오른쪽 끄트머리에 춘당지와 대온실이 있다. 
명정전의 왼편 궐내각사 터와 오른편은 내전 터는 사인물만 세워놓은채 그냥 공원처럼만 꾸며져 있다. 
아직 복원이 다 되지 않은듯 하며, 시일을 두고 조금씩 복원해 나갈듯 함.  옥천교 홍화문을 통과하면 '옥천교'가 나온다. 
우리나라의 궁권은 정전과 정문 사이에 반드시 금천을 흐르게 하고, 그 위에 다리를 놓아 건너게 한다. 
이는 관리들이 청렴한 마음을 가지고 백성과 나라를 위한 마음을 가지라는 의미 등등이 있다 하는데 ... 
하여간 창경궁의 금천을 건너는 다리가 바로 옥천교다.   명정문 옥천교를 건너면 나오는 문이 바로 '명정문' 이다. 
활짝 열린 문 뒤편으로 보이는 커다란 건물이 바로 명정전이다.  궁궐의 커다란 대문마다 이런 쇠 장식들이 박혀 있다. 
실용적인 의미도 있겠지만, 왠지 위압적으로 보임. 
하기야, 철이 귀했던 시대에 대문 장식으로 저런걸 사용했다는것 부터가 위세를 뜻하는 거겠지만 ...  명정전 창경궁의 중심에 해당하는 공간으로 우리나라에 남아있는 조선시대 전각 가운데 가장 오래되었다 (1616년 재건) 고 한다. 
2단으로 층을 쌓고 그 위에 올린 단층의 전각이며, 특이한 점은 남향이 아닌 동향의 건물이라는 점. 
성종은 명정전이 동쪽을 바라보고 있으므로 임금이 나라를 다스리는 정전이 아니라 평했다고 한다.  계단을 타고 명정전 건물 바로 앞까지 올라갈 수 있다. 
실내는 차분하고면서도 굉장히 화려하다. 
섬세하게 만들어진 실내 장식들이 자아내는 화려함은 금은보석 등의 화려함과는 또 다른 매력이다.  명정전 앞마당, 이 공간을 조정(朝庭) 이라 부른다. 
마당 한가운데 대전으로 향하는 길을 어도(御道) 라 하며, 어도의 양 옆으로 품계석이 세워져 있다. 
참고로 임금이 신하들과 국가의 대소사를 논하는 장소를 조정이라 한다.   창경궁의 편전으로 사용했다는 문정전. 
우리나라 역사의 비극적인 사건 중 하나가 벌어진 장소이기도 하다. 
사도사제는 뒤주에 갇힌채, 문정전 앞마당에서 8일만에 굶어죽었다. 
영조가 왕위를 유지하기 위해 자신의 아들이자 최대의 정적인 사도세자를 제거한 비극적인 장소다.  문정전 내부. 
이때쯤에 카메라 다이얼을 잘못건드렸는지 - _ - 이후 사진이 노이즈가 심각 ... ㅡ,.ㅡ 여기는 ... 명정전 뒷편 공간인데, 
명정전으로 봐야 하는지 문정전으로 봐야 하는지 모르겠음.   명정전의 뒷문격인 빈양문을 통해 나오면 마당이 하나 나온다. 
그리고 그 마당에 함인정과 숭문당이 있다. 
명정전의 후전에 해당한다는데, 쉬운말로 뒷마당이라 하면 되려나? 
숭문당은 빈양문 바로 옆에 있는 건물. 
학문을 숭상한다는 의미를 가지고 있으며, 
성균관 태학생들의 시험을 치르고 주연이 진행되던 장소라고 한다.  함인정 원래 인왕산 아래 인경궁에 있었는데, 인조가 창경궁으로 옮겨놓았다. 
후금의 침입으로 강화도로 피신했던 인조가 창경궁으로 되돌아와 옮겨놓았다고 한다. 
조선시대 임금들의 편전으로 사용되었고 원래는 벽체가 있는 건물이었으나 지금은 4면이 모두 개방되었다. 
관람객들이 걸터앉을 수 있게 해 놓아 창경궁을 관광객들이 벤치처럼 쉬었다 가곤 한다.  경춘전과 환경전 함인정 뒤로 경춘전과 환경전이 있다. 
그 중 경춘전은 대비의 침전, 환경전은 왕과 왕비의 침전이라 함.  통명전과 양화당 그리고 또 통명전과 양화당이 있다. 
통명전은 침전의 중심건물이며, 왕과 왕비의 침실로 사용했다. 
그 옆의 양화당은 대비의 침전으로 사용했다고 한다.   동그란 샘과 네모난 연못이 있다. 
물길을 돌로 만든 공들인 정원이라고 함.  문짝 하나, 문살 하나가 굉장히 낡았다. 
저 빛바랜 문짝에 얼마나 오랜 세월이 스며들어 있을까?  이 사진들은 양화당이다. 
우리나라 스러운 난간이라 해야 하나? 
난 저런데서 보이는 패턴이 좋더라.  언덕 명정전과 후전 일대를 내려다 볼 수 있는 언덕 위에서. 
창경궁의 일대가 예쁘게 내려다보인다.  언덕 위에는 멋진 벤치들이 있다. 
햇빛 각도가 좋을때, 여기 앉아서 사진을 찍으면 예쁠듯. 
고즈넉한 창경궁과 그 너머 도심, 멀리 남산과 남산타워까지 배경으로 담을 수 있다.  이렇게 멋진 수석들도 전시되어 있다.  보물 846호로 지정된 풍기대도 우뚝 솟아있다. 
풍기대는 바람의 방향과 속도를 가늠하는 관측기구다.  그리고 앙부일구-해시계도 전시되어 있다. 
이것은 모사품이라 함.  그리고 그 뒤로 쭉 걸어가는 길. 
춘당지를 향하는 방향이며 넓게 공원처럼 조성된 곳이 나온다. 
내전 터 라고 표기되어 있는데, 장차 복원해야 할 공간인 듯.   춘당지 원래 이 연못은 창덕궁쪽에 있는 절벽-춘당대와 짝을 이루는 작은 연못이었다고 한다. 
지금은 담장에 가로막혀 있다는데, 원래는 모습이었을지. 
지금의 춘당지는 원래 내농포에 속한 11개의 논을 연못으로 만든 것인데, 
내농포는 왕과 왕비가 농사, 양잠을 체험할 수 있도록 궁 안에 꾸며놓은 것이었다. 
그런데, 역시 일제강점기때 연못으로 만들어버렸다고 한다.  방문했던 날에는 수면에 얼음이 얼어있었다. 
추워서인지 평일 애매한 시간이라 그런지, 관광객도 별로 없어 쓸쓸해 보였다.  춘당지 가운데 있는 섬은 1984년 조성되었다고 한다.  춘당지 쪽으로 연결된 물길. 
사진은 난간 틈 사이로 본 것이며, 원래 눈높이는 한참 위다.  산책로를 따라 걸으며 연못을 감상했다. 
역시 겨울의 창경원은 쓸쓸하더라. 
사람들도 별로 없고.  춘당지 주변에 설치된 벤치. 
역시, 나는 벤치 성애자인가? 춘당지 주변을 따라 조성된 산책로. 
길을 따라 죽 걸어가면 대온실이 나온다.   철골과 목재, 유리가 혼합된 건축물이다. 
일제강점기에 동물원과 함께 지어진 것이라고 한다. 
건설될 당시에는 동양 최대규모의 온실이었다고 한다.  대온실 정원 앞에 이처럼 포토스팟을 만들어놓았다. 
그런데 대온실 건물 자체가 너무 이쁜탓에 - _ - 사람들의 흥미를 별로 끌지 못하는듯. 
대부분 대온실 건물을 배경으로 정원에서 사진을 찍고싶어할 듯.   상업적 사진촬영 자제를 요구하는 팻말이 꼽혀있다고 한다. 
온실 실내외에서 인물사진을 찍는 인구가 너무 많아 관람객들에게 심각한 방해가 되기 때문이란다. 
그 말이 이해가 되는게 - _ - 나 방문하던 날도, 노골적으로 정문을 틀어막고 사진을 찍어대는 일행이 있었다. 
근대풍 여성복장을 하고 일고여덟이 우루루 몰려서 사진을 찍는게, 누가봐도 대놓고 상업적 촬영이더라. 
나는 사진촬영 금지에 대한 팻말을 보지 못했는데, 
아무래도 저들이 틀어막고 있던 정문 근처에 있었던게 아닌가 생각한다.  빛이 참 잘들게 생긴 구조다. 
나는 사진을 잘 모르지만, 왜 그들이 얼굴에 철판 깔고 사진찍으려 하는지는 알것 같더라. 
그래도 지킬건 지켜야지. 
내 앞으로 창경궁에서 그런식으로 상업사진 찍는자들 보이면, 항상 그들 사선 중간으로 지나가 주리라.  실내를 돌아다니며 몇 컷 담은건데 ... 
확실히 취미사진 찍는 사람들은 눈돌아갈 법한 그런곳이다.   성종태실 및 태실비 대온실에서 나와 출입구쪽으로 향하던 길. 
올때와 다른길로 걸었더니 '성종태실' 이 나왔다. 
태실이라는 것은 왕자의 태반을 묻어 기념하던 조형물이며, 태실비는 그 이야기를 기록한 비석이다.  #창경궁 #서울관광명소 #명정전 #춘당지 #대온실"
144,
145,
146,
147,
148,"서울중구여행 서울관광명소 서울가볼만한곳 남산골한옥마을  필동 문화예술공간 예술통 
  서울시 중구의 필동에 자리한 남산골한옥마을은 1989년에 서울시가 남산골 제모습 찾기 사업의 하나로 조성한 한옥마을이지만 사람이 살고 있지는  않는 한옥마을입니다 이곳은 무료개방하는 관광 자원으로 활용하고 있는 곳입니다 서울시는 이곳에 위치하고 있었던 수도방위사령부의 터를 인수하해서 서울에 산재하여 있던 서울특별시에서 민속자료로 지정한 한옥 5개 동을 이곳 남산골로 이건해서 전통정원으로 조성한 후에 1998년 4월에  일반에 공개하였습니다 이곳으로 이건된 전통가옥들은 순정효황후 윤씨 친가인 옥인동 가옥을 옮겨왔고 해풍부원군의 윤택영댁 재실과 관훈동 민씨 가옥 그리고 오위장 김춘영 가옥과 경복궁을 중건할때 도편수를 맡아 공사를 진행했던 이승업 가옥도 이건하였습니다 남산골에는 사대부 가옥과 함께 서민 가옥까지 모두 살펴볼수 있습니다 당시에 실제 생활방식을 알수 있도록 집의 규모와 살았던 사람의 신분에 맞게 그에 걸맞은 생활 가구들도 함께 배치를 하였습니다 남산골한옥마을은 관광객을 위한 다양한 프로그램으로 진행합니디 한국의 연극과 놀이와 춤이 수시로 공연이 이어져 우리의 옛 문화들를 직접 접하는 배움의 장으로 활용됩니다 인접하여 있는  필동 문화예술공간 예술통도 함께 둘러봅니다                                                                                                              "
149,
150,"서울여행 서울관광명소 서울가볼만한곳 국립중앙박물관 신안해저문화재
서울시 용산구 용산동 서빙고로에 위
치한 국립중앙박물관의 신안해저문
화재실입니다 전라남도 신안군 증도
면 방축리에있는 유물매장해역은 사
적 제274호로 지정된 곳으로 바닷속
에서 발견된 선박에서  1976년부터
 1984년까지 인양된 문화재를 전시
하고 있습니다 신안해저에서 인양된 
문화재는 14세기 동아시아의 문화교
류와 상업거래 품목을 그대로 보여주
는 중요한 역사자료입니다 중국에서
일본으로 가던 무역선으로 추정하며
바닷속에서 인양된 유물들은 자단목
이 약 8톤1,017개와 동전이 약 28
톤 800점과  송·원대에 제작된 중국
도자기가 만 6000여 점이 인양되었
고 고려청자는 7점뿐이였고 선원들
의 소지품은 한중일 3국이 모두있어 
선원단 구성도 3국으로 추정합니다                           "
151,
152,
153,
154,
155,
156,
157,
158,
159,
160,
161,
162,
163,
164,
165,
166,"서울지하철 2호선 시청역에서 내려 덕수궁 쪽으로 나와 보니 대한문이 눈앞에 들어왔습니다. 
그동안 이 앞은 지나다녔지만 직접 관람하기 위해서 들어간 것은 10년 전쯤 되는 것 같습니다. 
전에는 외국 관광객들이 많아서 줄을 서서 기다렸는데 오늘은 코로나19 영향인지 한산하였습니다. 우선 매표소에 가서 관람안내를 보니 입장료가 다양하더라고요. 저는 서울시 중구 시민이라서 보통은 1인당 1,000원인데 50% 할인해서 입장료가 500원이었지만, 신분증에 전에 살던 주소로 되어 있어서 할인을 받지 못하고, 제 집사람만 할인을 받아서 2인에 1,500원으로 입장하였습니다. 문화재 관람료라 그런지 아주 저렴하네요.   덕수궁에서 가장 큰 건물인 중화전은 대한민국 보물 제819호입니다. 사진을 잘 찍었어야 하는데 집에 와서 보니 구도를 잘못 잡은 것 같네요. 블로그 포스팅을 잘 하려면 사진 찍는 기술을 빨리 익혀야 할 것이라고 생각됩니다.  덕수궁에 있는 옛 고궁과 우리나라에서 가장 오랜된 살구나무의 꽃이 어우러져서 사진을 찍었는데 제법 잘 나온 것 같습니다. 서울의 명소인 조선시대 고궁인데 관람객이 없는 것이 좀 아쉬웠지만, 몇 주만 지나면 경내에 있는 꽃이 만발할 것이기 때문에 많은 사람들이 찾아올 것이라고 예상됩니다.    앞에 보이는 건물이 덕수궁에 있는 중화전입니다. 고궁만 보였으면 금상첨화라고 할 수 있지만 도시화에 따라 현대식 빌딩이 사진에 찍혀서 좀 보기가 그러네요. 고궁 관람 왔다가 지인들과 잠시 담소를 나누는 관람객들의 모습이 행복하게 보이네요. 만개한 산수유꽃이 너무 예뻐서 찍어 봤습니다. 주변에는 진달래꽃도 많이 피었더라고요. 
3월과 4월에 주말을 이용하여 가시면 봄꽃이 많이 펴서 고궁의 경치가 무척 아름다울 것으로 예상되니 꼭 한 번 다녀오세요. 이제는 덕수궁 안에 있는 국립현대미술관을 소개해 보려고 합니다. 위에 있는 건물은 덕수궁에 있는 석조전입니다. 오래전에 지은 건물이지만 항상 그대로 자태를 뽐내는 것은 대리석으로 지은 예술성 있는 건물이라고 그런 것 같습니다. 이 건물 바로 옆에 미술관이 있습니다. 미술관 관람은 무료입니다. 그런데 예약을 해야 되고요. 예약한 사람이 부족하면 현장에서 예약을 받아 입장을 할 수 있도록 합니다. 통상 1시간씩 관람을 할 수 있도록 하는데, 매시간 15분을 단위로 입장을 할 수 있으니 참고하시기 바랍니다.  덕수궁 국립현대미술관 한국어 가이드북입니다.  미술관 옆에 있는 나무가 너무 예뻐서 찍어 봤습니다. 지금은 앙상하지만 며칠만 지나면 꽃도 피고 잎사귀도 나면 많은 관람객들에게 행복을 채워 줄 것이라고 생각합니다.  국립현대미술관은 전시된 작품에 대하여 마음대로 사진을 찍을 수 있도록 하고 있습니다. 
그러나 동영상 촬영은 할 수 없다고 하니 그리 아시면 됩니다. 
현재 김환기 화백의 작품을 감상할 수 있습니다. 
그리고 오래전에 유행한 신문소설을 아주 많이 전시하고 있습니다. 
그리고 천경자 화백의 작품도 몇 점 전시되어 있습니다. 매우 좋습니다.   지금 국립현대미술관에서 전시하고 있는 현대문학잡지의 표지를 모아 놓은 사진입니다. 
옛날에는 현대문학을 읽는 사람들이 무척 많았는데, 언제부터인지 순수문학의 인기가 사라지고 눈으로 보는 영상이 세상을 지배하게 된 것 같습니다. 그래도 독서를 통해 마음의 양식을 쌓아야 세상을 살아갈 때 내공으로 어려운 일이 닥쳐도 견딜 수 있게 됩니다. 
책 속에 길이 있다고 합니다. 
모든 일을 시작할 때는 그 분야에 관한 책을 읽어 보면 보이지 않던 길을 보게 되어 계획한 일을 잘 진행할 수 있게 됩니다. 
감사합니다.    "
167,"홍돌이랑 용산 데이트 하는김에
날씨가 좋아서 N서울타워 구경가기로
했어요! 연애 초반에 사랑의 자물쇠도
걸고왔는데 ㅎㅎ 이번에는 뭘 해볼까
하다가 둘다 아직 전망대에 안가봐서,
<N서울타워 전망대> 에 올라가서
아름다운 서울 모습을 감상하고왔어요
외국인에게 자신있게 추천할 수 있는
서울 관광명소인 N서울타워 리뷰에요!
♡♥I SEOUL YOU♥♡ https://www.nseoultower.co.kr:8501/index.asp 남산서울타워 버스정류장 도보 4분 일요일 오후 3시쯤 찾은 남산타워
산책하기도 좋지요! 우리는 이태원
보니스펍에서 피맥하고 쭉 걸어올라
갔는데 완전 산이였어요..등산해서
겨우 올라갔다.. 소중한 남산타워~! 예전에 왔을때는 1층에
팝콘올려진 아이스크림파는
디저트가게가 있었는데, 이번에도
먹을려고 했더니 스타벅스로 바뀜 ㅠ
할 수 없이 GS25 편의점에서
아이스크림을 먹었는데 곧 후회했죠
왜냐면 전망대 올라가면 태어나서
처음보는 아이스크림 자판기가있어요
(글 내리다보면 사진 있어요)
그걸 먹었더라면 더 좋았을텐데 아쉽 N서울타워 가이드북
한국어 버전으로 챙겨서
본격적으로 탐방해봅시당 전망대 입구는 5층!
엘레베이터타고 올라가용 네이버에서 예약하면 최대 37%
할인받을 수 있고 네이버 페이 포인트
적립도 된대요! 전망대 입장권 단품
말고도 세트로 식사까지 포함되어있는
구성도 있어서 데이트코스로 좋아보여요
-> http://naver.me/xzcnJFLt 우리는 최저가 사이트를
검색하다가 ""와그""에서 구매했어요
성인 입장권 1인 12,800원
-> http://naver.me/5X99XPeq 키오스크에서는 ""KLOOK""
""WAUG"" 티켓만 교환가능해요
우리는 와그에서 샀으니까
키오스크에서 티켓을 교환했쥬
티켓은 발생된 당일 1회만 사용
가능하고 현지 사정에 따라 입장
대기가 있을 수 있어요! 기상 상태에
따라 전망대 이용은 조기마감될
수있다는 점이 티켓에 적혀있었어요 티켓에 적힌 전망대 탑승
번호에 맞춰서 드디어 전망대로~! 올라가는 통로도 멋있게
꾸며져있고 엘레베이터도
빠르더라구요! 근데 독특하게
올라가는 엘레베이터, 내려가는
엘레베이터 소요 시간이 다르더라구요?
직원분이 설명해주시는데 달랐어요
ㅋㅋ 엘레베이터 위에도
화려하게 영상 나오고 역시 관광명소
답게 잘 꾸며놓은 모습이에요 ㅋㅋㅋ홍순이가 ""오빠아아""
외치는 소리가 들리는 동영상
올라가기 전에 사진기사님이
사진촬영해주시는데 촬영자체는
무료지만 꽤 비싼금액으로 사진을
팔고있어서 (남산타워와 합성...)
우리는 애초에 안찍고 패스했어요ㅎㅎ 전망대 들어가자마자 홍순이의
눈을 사로잡은건 전망대 뷰
보다도 달달구리 파는 사탕가게
ㅋㅋㅋㅋ어린아이들도 좋아할듯 미세먼지 별로 없이 맑은
날이였는데 생각보다 뿌옇네요 창문에는 나라 이름과 그
나라까지 가는데 거리를
표시해놨더라고요 흥미로웠어요 뉴욕! 워싱턴! 벌써 2년
전에 갔다왔구나 다시가고싶다 경치, 경관은 역시 위에서
아래로 내려다봐야 멋있어요
한눈에 서울이 다 보이니까
너무 기분 좋은 경험이였어요 한글로 타이포그래피 한것도
보기 좋더라구요 한국인이라
행복해여~~  코로나 빨리 끝나서
외국인들이 많이 한국 놀러와서
서울타워도 들리면 좋을텐데 ㅠㅠ 식상하게 남산타워에서 자물쇠만
걸고오는 데이트 말고! 이제
전망대에도 올라가보세요 홍홍
처음에는 돈 아까울까 걱정되어
할까말까 망설였는데, 한번쯤
올라가보는것도 추천드려요~~ 오디오 가이드는 3,000원
관광객이라면 들을수도 있겠네요 디지털 망원경 가이드도 있어요
은근히 남산타워에 돈드는
이벤트들이 많더라구요 ㅋㅋㅋ SKY POST 남산타워 또는 한국 이미지가
그려진 예쁜 엽서에 글을 써서
사랑하는 사람에게 보낼 수 있는
우편 서비스도 진행중인데,
이건 좀 로맨틱한거같아요 홍홍
예전에 홍순이도 유럽여행 갔을때
유럽의 천장이라고 불리는 스위스의
융프라우에서 있는 우편함에 넣어서
홍돌이에게 러브레터를 준 적이 있지요
그렇게 받는 편지는 더 오래 기억에남고,
의미있고 소중하게 느껴질거같아요 :) 남산타워 모형물 뿐만 아니라
각종 기념품을 판매하고있어요
가격은 아무래도 사악한편...! SEOUL 글씨적힌 티셔츠랑
에코백도 있고 악세사리도 있고 이게 앞서 홍순이가 말했던
아이스크림 파는 자판기에요 홍순이랑 홍돌이는 사진찍는
기계가 있길래 포토카드 만들었어요
카드지갑에 쏙 들어가는 크기에요 그 근처에 ""남산명당"" 이라해서
사주? 보는 기계가 있길래
뽑기도 한번 해봤죠 ㅋㅋ 이래저래
상술일텐데 돈을 쓰게되네... 이벤트가 많아서 재미있는
데이트코스에요! 연인끼리
기념일에 남산타워 오면
재미있는 시간 보낼수있어요 재물 운세가 나왔는데 띠 별로
아주 구체적으로 적혀있더라구요
ㅋㅋㅋ홍순이 부자되게 해주세요~ 화장실도 뷰맛집일까? 싶어서
들어가봤는데 띠용 진짜 화장실이
너무너무 멋있었어요 남산타워
전망대 올라가시는 분들은 꼭
화장실 들어가보세요! 어메이징★ 전망대에 카페도 있고 맥주도
팔아서 시간보내기 괜찮아요!
우리는 한시간 정도 있었어요 핑크 덕후 홍순이가 가장
좋아하는 캐릭터는 헬로키티인데,
남산타워에서 진행중이던
헬로키티 아일랜드는 이제
끝났더라구요 아쉬워요 한번더갈껄
ㅋㅋ 다음에 홍돌이랑 남산데이트하면
그때는 케이블카를 타봐야겠어요
날씨 맑은날 오면 더 좋은 남산,
밤에 와서 야경봐도 멋질거같아요
조금 고전적이고 식상하긴하지만,
가보니까 즐길거리가 많더라구요!
데이트코스로 N서울전망대 추천해요
https://in.naver.com/ugogirl96 #남산타워 #서울타워 #남산데이트
#남산전망대 #서울타워전망대 #전망대
#기념일데이트코스 #이색데이트 #관광지추천"
168,
169,
170,
171,
172,
173,"간만에 잠실롯데월드몰에 다녀왔어요! 잠실롯데월드몰 맛집으로 예전에 제가
자주 주변인에게 추천하던 하드락카페라는 곳이
있었는데 바로 그 자리에 예전의 하드락카페와
동일하게 신나는 공연과 맛있는 음식을 즐길 수 있는
잠실롯데월드몰 맛집이 오픈했다는 소식을 듣고
당장 방문했어요!!ㅎㅎㅎ 저스트케이팝 내부 인테리어에요! 정면의 대형 화면에는
국내 아이돌 뿐 아니라 해외 가수들의
뮤직비디오가 공연 전까지 계속 나오구요 창가쪽은 석촌호수가 바로 내려다보이는
뷰여서 너무너무 예뻤어요!!ㅎㅎㅎ 저스트 케이팝 메뉴가 정말 많았는데요..!
하나하나 다 찍기엔 어려워서 영상으로나마
많은 메뉴들을 담아봤어요 ㅋㅋㅋㅋㅋ
저는 샐러드랑, 고기플레터, 맥주 샘플러 이렇게 시켰는데요
벌써 뭐 주문했는지 이름 까먹... 요고..!!!
분명 사진으로 비주얼을 봤는데도
통 양배추가 등장했을때의 놀람을 설명할수가 없네요 ㅋㅋㅋ
잠시 당황ㅋㅋㅋㅋㅋ 스테이크 대신 통양배추 썰어버리기!!ㅋㅋㅋㅋ 밑에 요거트 소스가 있는데
진짜 상큼하니 맛있더라구요!!ㅎㅎ
같이나온 피클들어간 드레싱이랑 먹으면
더더욱 상큼한 맛으로 먹을 수 있었어요!! 그리고 BBQ플레터?!!?
매쉬 포테이트, 폭립, 닭다리, 감튀 등
다양한 모듬 음식들 등장!!ㅋㅋㅋㅋ  나이스 타이밍으로 맥주도 등장~~ㅎㅎㅎ
맥주 샘플러는 기본으로 제공되는 레드락 외에
에딩거헤페, 저스트케이팝 IPA
구스아일랜드 IPA, 구스아일랜드 312 어번위트
요롷게 주문했어요!! 쨘쨘!!!ㅎㅎㅎㅎ
JKP (저스트 케이팝 IPA)
사실 일반적인 IPA맛이랑 비슷할수도 있겠지만
분위기 덕인지 평소 먹는 IPA보다 더 맛잇는 느낌!ㅋㅋㅋ 7시 40분쯤이 되니까
공연이 시작되더라구요!
공연은 매일 다르니 저스트 케이팝 홈페이지에서 확인!
이 날 첫 공연으로 나오신 분들은 밴드 디데이!!!
아는 노래나오니까 같이 따라부르게 되고
손흔들게 되는ㅋㅋㅋㅋㅋ Mercy 넘죠아ㅠㅠㅠㅠㅠ
아니 윤종신 닮으신?!!? 남자보컬분
예~예~예~ 할때 왤케 목소리....예쁘심ㅋㅋㅋㅋ 아! Just Kpop만의 특별한 이벤트도 있어요!
사실 같이 간 선배가 담주 생일이여서
생일 이벤트를 몰래 신청했는뎅ㅋㅋㅋㅋ
생일이벤트를 신청하면, 샴페인 두잔과 아이스크림이 나와요!
불꽃이 같이 나왔는데ㅠㅠ 사진찍을 때 이미 다 연소 8ㅅ8
세상아쉽.....ㅠㅠㅠㅠ영상찍을껄...ㅠㅠ
디데이 밴드분들께서 소개해주셔서 더 감덩...ㅠ 디데이 분들이 가시고 또 열심히
먹구있는데 갑자기 노래 반전...!!
직원분들ㅋㅋㅋㅋ아닠ㅋㅋㅋㅋㅋㅋㅋㅋ
왤케 귀여우심...ㅠㅠㅠㅠㅠㅠㅠㅠㅠㅠ
입덕할뻔....ㅠㅠㅠ
짱귀여우셔서 영상에 담아왔어욬ㅋㅋㅋㅋ 첨에 닭날개인줄알았던 닭다리 ㅋㅋㅋㅋ 열심히 먹고있는데 갑자기 분위기 반전...
동공지진.....
싸이보다 싸이같은!?!?ㅋㅋㅋ싸이버거 등장이욬ㅋㅋ 아닠ㅋㅋㅋ무대 장악력 뭐냐구욬ㅋㅋㅋㅋㅋ 덕분에 저는 이날 미러리스를 한손에 들고
열심히 뛰다가 담날 오른쪽 팔 근육통을 득탬했습니닼ㅋㅋㅋ 외국인분들도 진짜 많았는데,
잠실롯데월드몰 맛집! 서울관광명소로도 손색없을
저스트케이팝이였어요!ㅎㅎㅎㅎ 마더파더 젠틀맨!!!!! ㅋㅋㅋㅋ중간에 객석내려오셔서
팬서비스 해주시는데 ㅋㅋㅋㅋ
손흔들어주셔서 꺜 했던ㅋㅋㅋㅋㅋㅋㅋㅋ ㅋㅋㅋㅋ아 이 영상 보시면 싸이버거 가수님이 얼마나
공연 열심히 해주셨는지
관객과 얼마나 잘 소통하는지 알수 있어욬ㅋㅋ
마지막곡까지 넘 씐났던...!!
(방방 뛰다가 근육통 득탬 ver2) 한참 뛰고 나니까 진짜 급 목말라서
레드락 한잔씩 더 주문ㅋㅋㅋㅋㅋ 거품 먹은게 레드락 로고랑 뭔가 찰떡같이 맞아서
한컷 찍었어용ㅋㅋㅋㅋㅋ 마지막 가수분들!!ㅎㅎㅎ팬타소닉~!
메인보컬분께서 외국분이셔서 놀랐어요!ㅎㅎㅎ
아는 노래 나와서
영상찍는데 막 수평수직 무싴ㅋㅋㅋㅋ
흔들고잇는...ㅋㅋㅋ
여튼 september을 마지막으로 
저스트케이팝을 나왔는데요!
너무 즐거웠던 공연과 맛잇는 음식들이였습니다!
외국인 친구들 오면 강남, 홍대 이런데 말구
신흥 서울관광명소인 저스트케이팝으로 오라고해야겠어요!"
174,
175,
176,
177,
178,
179,
180,
181,
182,
183,
184,"자의 아니고 100% 타의로 서울관광
난생 처음 남산 한옥마을과 경복궁에 가 보았다. 
(순수 토종 한국인임, Don't 의심~!)
심지어 동행하신 분은 
인사동도 난생 처음이었다는...
그 분은 심지어 나보다 나이도 많으신
토종 한국인 ㅋㅋㅋㅋ
서울 사는 사람들이 63빌딩 안간다고
나의 베프도 밴쿠버 살지만 로키 안가봄.
관광명소는 외쿡인들에게만 해당되는 
장소라고 자체 분류해 놓은 탓에. 
암튼, 영어 사람이지만 
영어권 출신이 아닌 영어사람이라
부담은 쪼~금 덜고,
밥을 먹여야 하는 막중한 임무를 띠고
우한폐렴 때문에 한산한 서울 나들이. 어디를 가야 할지 몰라 전날 인터넷 뒤져가지고
찾아간 남산 한옥 마을. 
이 분들이야 신기하겠지만, 
내 눈에는 어릴적 외할머니댁의 
확대 + 고급 버전같은
곳곳에 익숙한 소품이며, 지붕이며...
*남산한옥마을주차
주차장이 정말 협소한데, 
이날 그 작은 주차장도 자리가 남아 돔. 
한산한건 좋지만, 아무런 이벤트도 행사도 없어서
한옥 옆에 한옥 건너에 한옥에 한옥만 있는 
한옥마을이 그닥 재미 있지는 않았던 것. 
체험을 해 보고 싶어 했는데, 
체험 스케쥴은 진행되는게 전혀 없어 아쉬웠다.  한옥이긴 하지만, 사실 자로 잰듯 반듯하고
곳곳에 시멘트 계단이며... 알미늄 전기설비가 옛정취를 만끽하기엔 
뭔가 설정같은 세트장 같은 느낌? ㅎㅎ
부엌과 방을 보면서...
아.. 나는 저 시대에 태어나지 않아서
얼마나 다행인지, 속으로 감사에 감사를 외쳤다. 
우리 엄마 어릴적에 저기서 밥해 먹었었다는데
불 때서 밥하는게 얼마나 어려운지 
익히 들어 알고 있다. 
나 초등시절까지도 외할머니 댁에는 
저 솥이 있었던 걸로 기억나는데.. 딱 우리 외가의 옛날 방 느낌. 
불을 때면 바닥이 뜨끈뜨끈했던 기억.  한 여름 맨발로 마루를 밟을 때의 느낌이 
새록새록 떠올랐지만
20년 젊어지는 조건으로 
저시대로 돌아 가겠느냐 물으면..
""너나 가라 조선시대!""라고 말해 버릴 것 같음. 
딱 보기에도 너무나 불편한 주택구조.  그러나 한가지 마음에 남는건
미니멀라이프라 할 만한 단촐한 살림이다.
이 때야 미니멀하게 살래서가 아니라
물건이 흔하지 않던 시절이니 
다 저렇게 단촐하게 살았겠지
우리는 선택적으로 미니멀을 택하지만
그때는 미니멀이 선택이 아니라
그냥 삶이었으니까.  그냥 내겐 한번으로 족한 한옥마을 체험. 
2월은 사실 주변 자연 경관도 볼게 없어서
외쿡에서 오는 사람들에게도 그닥 인상적인 것을 
남기기는 쉽지 않을 듯. 
어쨌든 사람들이 없는 와중에도 
중국인 단체 관광객들은 있었다. 
아직도 끊임없이 들어 오는 모양인 듯. 
입구에서 중국말이 우르르 들리는 때에 즈음 
우리는 다 둘러 봤으니 서둘러 나왔다. 
중국인 관광객들이 계속 들어 오는 와중에 
감염자 이동 경로를 관리하는 건
창문을 열어 놓고 모기를 잡는 것과 같다는 
어떤 기사내용의 표현이 절묘한 묘사인 듯. 
차별이 아니라 서로 조심하는 차원에서 
관광은 조금 미루었다 들어와 줬으면 하는 아쉬움이 있다.
*인사동_쌈짓길, 비건식당 오세계향 다행이 서울에는 찾고자하는 모든 것이 다 있다. 
인사동에는 채식식당이 몇개 있는데, 
#오세계향 그나마 여기가 리뷰가 많고, 
음식도 괜찮다고 해서 찾았다. 
몇번 비건 또는 베지테리언 외국인들을 
데리고 다녀 본 적이 있지만, 
맛있는게 널린 한국에서 고기, 해산물을 뺀
맛있는 음식을 찾기는 생각보다 쉽지 않다.  암튼,,, 여기서 콩으로 만든 
고기를 처음 먹어 보았는데
보기엔 정말 딱 고기, 씹는 질감도 비슷하기는 하나
먹으면서 든 느낌은...
'음... 고기 아닌데..."" ㅋㅋㅋㅋㅋㅋㅋㅋㅋㅋ
그래도 굉장히 훌륭한 발전이라는게 느껴짐. 
그나저나 미쿡 버거킹에서 판다는 
비욘드 밋을 넣은 채식버거는 어떤 질감일지
넘나 궁금하다. 
한국에도 얼른 상륙했으면~~ 전부 좌식 테이블이다. 
손님들은 반 이상 외국인인데, 좌식이라...
문화체험 면에서 한 두번은 괜찮을지 모르겠지만, 
우리 뒷 테이블에 
덩치도 크고 다리 잘 안접히는 외국인들
어정쩡하게 앉아서 힘들게 밥 먹는 모습을 보니 
초큼~~ 안쓰러운 느낌. 
다리 저려서 밥이 무슨 맛인지 알까?
다행이 우리 손님은 들깨 칼국수에 반해버림. 
처음에 잘 못먹어서 입에 안 맞는가 했더니
너무 뜨거워서 못 먹는 거였던 거임. 
식사가 마무리 될 즈음에 
다 식은 면을 한 젓가락 먹어본 이 분이
그때 부터 베리 굿, 엄지척 이라며.
우리 나라 사람들 처럼 뜨거우면서 매운거 
잘 먹는 사람들이 있나?
그러니 조금 식혀 먹을 수 있게 
시간적인 배려를 해 줘야겠다.  나오면서 보니 대기장소가 있다. 
주말에는 한 시간도 넘게 기다린다는데, 
코로나 때문에 인사동도 덜 붐벼서 대기 없이 패스. 지나다가 여기 보고 싶다길래 들러서 한 바퀴 돌고.. 여긴 항상 사람이 붐비는 듯. 
생각보다 구경할 곳이 많아서, 
다음에 따로 와야지 싶네. 
물욕 고이 접어 깔고 앉고 산지 오래인데, 
여기서는 이것 저것 사고 싶은 것들이 꽤나 있었다. 아직 남은 일정이 있으니 서둘러 움직여야 해서..
그리고 찾아간 곳은 경복궁. 이 시국에 한복집 앞은 도떼기 시장.
전염병이 돌아도 이 정도라면 평소엔 어땠길래..
생각만 해도 무서움.
사람 많으면 무섭..... 우리야 말로 관광객 구경하는 내국 관광객 모드 
ㅋㅋㅋㅋㅋㅋㅋㅋ
쫓아다니면서 자꾸 이사람들 사진 찍게 됨. 
집에 와서 보니 꽤 찍었네 ㅎㅎㅎㅎ
한복 입고 사진 찍어서 인스타에 올리는게 
이분들의 의무인가 보옴. 
정말 곳곳에서 사진을 5조억장씩 찍고 있다.  그런데 말이지...
한복이라고 입고 돌아다니는 옷들이 
내 보기엔 한복이 아니었다. 
변종이라고 해야하나, 
유전자 변이라고 해야하나. 
이건 뭐 한복도 아니고 드레스도 아닌
희아~~~안한 옷인데, 
우리 전통의상의 고전미 같은건 찾아 볼 수가 없었다. 
딱 이사진으로 설명이 가능 왼쪽이 우리 전통 한복이라면
오른 쪽이 외쿡인들이 입고다니는 대여 한복 느낌.
얼핏보면 비슷하지만 
매우 다르지 않은가...
일행에게 너 한복 입어 볼래? 했더니, 
요즘 같은 때에 저런거 입으면 
바이러스 옮긴다면서 절대 안입겠단다. ㅋㅋ
하긴... 
아무리 마스크하고 손 씻으면 뭐하나
누가 입었을지 모르는 저 옷을 
세탁도 안하고 계속 돌려 입을텐데..
생각만해도 아찔 한 것이...
가까이서 보니 생각보다 꼬질꼬질한 한복을 
많이 입고 있었어서, 더욱 내키지 않았을 것이 분명하다. 날이 흐리고, 분명 한산한 거일텐데도 
생각보다 사람이 많았다.  역시 왕이 있었던 곳이라 그런지 
규모가 한옥마을과는 비교가 되지 않았지만, 
특이하게 다를건 없었던 듯. 
내 보기엔 남산은 큰~ 한옥, 
경복궁은 더더 큰~~~ 한옥이었다.  이걸 보면서 ""왕 할만 했겠다...""
이런말 하는 사람도 있지만, 
나는 들여다 본 순간...
겨울에 얼마나 추웠을까... 싶은
천고도 높고, 난방은 잘 안되었을 거고
한복이 따숩길 하나...
그때 태어나지 않았음을 
한번 더 감사하게 생각하면서 
궁에 살았던 왕도 부럽지 않은 
지금을 사는 내 삶이 참 좋다는 생각을 
이날 200번은 한 듯.  걸어도 걸어도 넓다. 
궁을 보고 싶다고 했던 그 분은
건물 두어개 보더니...
자기는 앉아 있을테니 우리보고 둘러보고 오란다
ㅋㅋㅋㅋㅋㅋㅋㅋㅋㅋㅋㅋㅋㅋㅋㅋㅋㅋㅋㅋㅋ
당신 땜에 여기 온거랍니다. ㅋㅋㅋ 전통도 문화도 좋지만, 
사실 외쿡사람들도 제일 좋아한건 
인사동과 남대문이었다. 
보고 느끼는건 사실 미디어를 통해서도
책을 통해서도 가능한 일인데, 
물건을 만지고, 사람과 흥정을 하는 것들이 
더 재미있었던 듯하다. 사진을 찍을 만한 여력이 못되어 몇몇 군데는 
남기지 못했는데, 
젤로 흥미로왔던 건 남대문에서 물건 살 때. 
남대문 여자 사장님이 50대 쯤 되어 보이시는데, 
Yes 와 No로 장사 다 하심 ㅋㅋㅋㅋㅋ
이 쪽에서 가격을 너무 깎으니까 
가게 사장님이 우리가 모시고간 손님에게 
등짝 스매싱(물론 살살이지만 퍽~ 소리 나서 깜놀)
허얼... ㅋㅋㅋ
근데 암튼 상황이 서로 너무 웃겨가지고 
박장대소 하고, 역시 장사하시는 분은 다르신게
한국말로 거침 없이 설명하는데, 
얘가 알아 듣는게 더 신기.
진짜 너무 웃겼다. 
끼어들 틈도 없이 서로 돈 계산까지 다 끝내서 
상황 종료!!
사장님 훌륭하셔서 명함 받아가지고 왔다. 
ㅋㅋ
차 한잔 마시고 다리도 쉴겸
패션5로 이동했는데...
바이러스 도는거 맞아여?
발레 파킹이 되는 곳인데, 파킹 입구에서 부터 
차로 긴 줄이 너무 늘어 서서 중간에 
끼어 들 수도 없다. 
결국 근처에 있는 블루 스퀘어에 
유료로 주차를 했는데, 
패션5도 그렇고 블루스퀘어도 그렇고
젊은 사람들이 넘쳐난다.
불경기나 바이러스와는 
영~ 동떨어져 있는 분위기 블루스퀘어는 처음 들어가 봤는데, 
아.. 여기서 놀다가고 싶다 싶게 
참 잘해 놓았네. 라이드 하고, 저녁 먹고
이걸 하루에 다 했다는 게 신기할 정도였다.
한옥마을, 남대문, 인사동, 경복궁, 이태원까지
이 모든 장소가 거의 다닥다닥 붙어 있다는걸
오늘에서야 처음 알았다. 
그동안 하루에 한 곳 가는 일도 드물어서,
안내를 하면서 동시에 관광객의 입장이 되었던 날. 
하루를 이렇게 보내고 나니
관광 가이드 하시는 분들 얼마나 힘들까 싶다. 
이날 보니 하루 1만 4천보 걸었네. 
하루만에 살이 빠져가지고, 바지가 덜 낀다.
(여전히 끼지만 그래도 그 안에서 약간의 여유를 찾음)
이날 한옥은 평생 볼거 다 봤다.
그 와중에 영어 공부해야겠다는 생각은
500번 넘게 하게 되었다. 
결국 뭐든 시작하려면 오늘이 가장 빠르다. 
그 와중에 전화 영어 하기 싫어서 미뤄 뒀던거
다 해 치우고, 책도 몇페이지 읽으면서
뭐든 미리 미리 준비해야 후회게 없겠구나
다시 되돌아 보게 된날. 
결국 기승전 영어인거임??"
185,"[잠실롯데월드몰  맛집/서울관광명소/석촌호수데이트] 저스트케이팝 JUST KPOP 
feat. 뉴욕 스트립 스테이크, BBQ 폭립
비도 오고 날씨도 선선해지니 뭔가 이색적인 곳에 가고싶었음
오늘 디기 색다른 곳에 다녀왔다.
잠실 롯데월드몰 맛집 찾으러 롯데몰 진짜 자주오는데 여기 저스트케이팝은 처음와봄
원래 다른 식당이었는데 저스트케이팝이 새로 들어왔다고 함
막 아이돌 이런게 아니라 KPOP 라이브음악 공연 보면서 근사한 식사를 할 수 있는
디기 고급지고 음식도 훌륭하고 이색적인 곳이었다
외국인들 데리고 롯데전망대 갔다가 여기 들르는 서울관광명소로도 좋을듯ㅋㅋ 잠실롯데월드몰 맛집 저스트케이팝 just kpop 위치, 가는길
잠실역에서 내려서 저 1,2번 출구쪽으로 오다가 밖으로 나가지말고
이렇게 롯데월드몰 입구가 바로 보임
입구들어와서 쭉~~직진
저 기둥 안내표지랑 에스칼레이터 나올때까지 쭉 직진.
입구 들어와서 젤 가까운 에스칼레이터 타면 롯데 에비뉴엘 윗층가는거라 타면 낭패.ㅋㅋㅋ
에비뉴엘 아니고 월드몰까지 가야함 에스컬레이터를 타고 5층으로 올라간다.
저스트케이팝은 롯데월드몰 5층에 있음 5층 도착해서 난 안내도 보고 감
요기 지도 참조
전화번호는 02-1644-9996 
저스트케이팝 영업시간은 10:30~22:00 사실 쉽다.
5층에서 롯데시네마쪽으로만 가면 바로 옆에 저스트케이팝이 있음
일단 저 큰 기타 보이면 찾기 성공ㅋ 여기가 바로 저스트케이팝 just kpop
가까이서 보니 진짜 어마어마하게 크다 그냥 레스토랑이 아니라 라이브 공연을 하는 레스토랑.
공연도 매일 다르게 진행된다
평일, 주말 공연 모두 저녁 7시 40분부터 시작임
가서 뭐 시켜먹기만 하면 그냥 무료입장
수준 있는 라이브 공연을 무료로 볼 수 있는게 큰 장점인듯 내가 8월말 목요일에 갔는데
그날 공연은 루카스랑 펜타소닉 with 케이트킴 이렇게 두 팀이었다
두 공연 다 매우 좋았음. 캬캬 저스트케이팝 just kpop 분위기, 인테리어
입구부터 으리으리하다.
엄청 고급스럽고 엄청 넓음
일단 공간 자체가 디기 크고 넓어서 무지 쾌적하더라.
케이팝 기념품같은것도 팔고 있음. 
한국음악 좋아한느 외국인 친구들 여기 데려오면 진짜 좋아할거같음 내부 분위기는 정말 끝내준다
내가 가본 레스토랑들 중에 손에 꼽을 정도로 진짜 고급지고 예뻤음 저기가 바로 무대.
무대도 엄청 크고 일단 음향도 디기 좋았음 공연이 없는 시간에는 계속 케이팝 뮤직비디오랑 음악 틀어줘서 눈과 귀가 즐겁 저렇게 공연 무대 앞쪽으로 사람들 많이 앉더라.
무대 정면으로 이런 혼자 앉는 자리도 있어서 좋았음 인테리어들도 훌륭
여기 2층 올라가는데가 있길래 물어보니 VIP석이라고 함.  저스트케이팝 분위기 더 잘 보이기 위해 영상 헌정.ㅋㅋ
색다른 분위기 존좋. 이 자리는 무대 완전 바로 앞인데
여기 앉으면 공연 진짜 코앞에서 볼 수 있음
다들 부끄러워서인지 여기 말고 이 바로 뒤쪽으로 다 앉더라.ㅋㅋ
라이브 공연 좋아하고 즐기려면 이 자리 앉으면 확실히 더욱 생생하게 볼 수 있을거같음
  레스토랑 공간 자체가 어마어마하게 크다보니까
좌석이 진짜 많다
각 작은 공간별로 테이블이나 의자 인테리어도 다르고 재밌게 해놨음
큰 모임이나 회식같은것도 여기서 하기 좋을거같음 분위기 진짜 존좋
이런 고급스러운 바 느낌의 공간도 있음 여러 컨셉의 자리들
여기 진짜 두명 자리는 데이트하기에도 좋고 
단체석은 모임하기에도 좋고 
이래저래 각 공간마다 잘해놔서 좋더라
난 창가자리 매니아라 저기 창가자리 선택ㅋ 헐....뷰 진짜 멋있음
석촌호수가 바로 보임
이때가 한 7시반쯤이어서 어둑어둑해질때쯤임 뷰 진짜 잘보이고 넘나 좋더라. 
석촌호수데이트 하려면 여기 와서 뷰 보면서 맛있는 음식 먹으면 완전 좋. 내가 앉은 창가자리에서 보이는 뷰들
아경보다가 고개 돌리면 바로 무대 보임
진심 여기 너무너무 분위기 좋고 뷰 좋고 최고였음
친구도 여기 분위기 진짜 좋다고 칭찬 계속함
서울관광명소 로 딱인듯. 석촌호수도 잘보이고 롯데월드몰 안에 있어서
접근성도 짱좋음  저스트케이팝 just kpop 메뉴, 가격
아까 그 분위기 너무 좋다고 감탄하던 친구가 메뉴랑 가격 보더니
생각보다 저렴하다고 한번 더 감탄.ㅋㅋㅋ
엄청 고급져서 음식도 막 디기 비쌀줄 알았는데 가격 꽤나 합리적이었음
우리는 베스트 메뉴 표시되어있는 뉴욕 스트립 스테이크랑 폭립 BBQ 시킴 맥주랑 마실만한 요런 라이트한 메뉴들이랑 디저트 메뉴도 있음
우린 크렌베리 에이드랑 자몽에이드 주문 배고파서 주문 다 하고나니
이제 내 테이블이 보이기 시작.ㅋㅋㅋㅋㅋㅋ
조명 진짜 넘나 존예
물 한잔도 어쩜 저리 이쁘게 보이는지 내 자리 진짜 넘나 좋았음
분위기 보소.ㄷㄷㄷ 음료부터 먼저 나옴
자몽에이드랑 크렌베리 에이드
둘다 먹어봤는데 우리 둘다 크렌베리 에이드가 더 달고 맛있다고 인정
친구랑 난 초딩입맛임을 참조. 크렌베리 에이드 존맛탱
달달하면서도 톡 쏘는 탄산으로 입맛 확 돋구었음
고급스런 데코땜에 진심 더 맛있었음 뉴욕 스트립 스테이크, BBQ 폭립 나왔음
결론부터 말하면 둘다 진짜 매우 훌륭했음 스테이크랑 폭립 워낙 좋아해서 많이 먹어봤는데 
여기꺼 넘나 부드럽고 맛있었음
공연이 위주인줄 알고 음식은 솔직히 그냥 평범하겠거니 했는데
음식 맛들이 매우 훌륭해서 진짜 좋았음 이건 폭립 BBQ
얘는 저 폭립 양이 어마어마함.ㅋㅋㅋㅋㅋㅋㅋㅋㅋ
이게 진짜 큰 접시인데 세로로 꽉 찰 정도이니 말 다함
성인 혼자서 반도 못먹을 정도로 양이 진짜 많았음
결국 친구는 나한테도 막 나눠주고 본인도 먹었는데도 다 못먹어서
거의 반 남긴거 테이크아웃해감.ㅋㅋㅋ 폭립 BBQ 맛은 진짜 훌륭했다
맛있다 표현을 넘어선 훌륭했다 표현을 쓴 이유는
맛도 넘나 맛있는데 고기가 진짜 부드러워서 립 뼈에서 분리가 넘나 잘될정도였음
보통 립 약간 질겨서 뜯어먹어야하는 경우가 많은데
여기 립은 진짜 부드러움.ㅠㅠ
먹기에도 진짜 편했음
소스도 달달하니 존맛탱 이건 뉴욕 스트립 스테이크
요 스테이크 진짜 훌륭한 요리였다
최상급 채끝 스테이크 요리였는데 완전 부드럽.ㅠㅠㅠㅠㅠ 굽기는 미디엄으로 했는데 진짜 딱 잘 구워져서 나옴
요 육즙 꽉찬거 보소.ㄷㄷㄷㄷ
같이 나온 아스파라거스랑 감자,고구마 다 훌륭. 스테이크가 이렇게 부드럽다니
고기 자체도 디기 두껍고 부드러운걸 보니 좋은 고기 쓰는듯
육즙이 진짜 입에 넣는순간 팡 터져서 존맛탱.ㅠㅠ
시즈닝도 잘해서 따로 소스 안찍어먹어도 될정도로 매우 맛있었음 이건 식사 다 하고 공연들으면서 시킨 디저트
홈메이드 브라우니 & 아이스크림임
공연들으면서 달달한거 먹으면 걍 세상행복.ㅋㅋㅋㅋ 이거 브라우니 진짜 달달하고 쫀득.ㅠㅠ
아이스크림이랑 같이 한입 먹어주면 완전 부드러움과 쫀득함의 만남으로
존맛탱임
분위기에 취하고 공연에 취하니까 이 달달함이 더 취해짐 꺄륵~ 저스트케이팝 just kpop 공연
7시 40분부터 공연이 시작된다
첫번째 나온팀은 펜타소닉 with 케이트김 노래 진짜 잘함.ㄷㄷ
라이브공연 이런식으로 보는건 외국에서 말곤 보기 힘든데 이색적이고 좋더라
음향도 진짜 훌륭했고 밴드도 실력있었음 공연 디기 좋아서 
밥먹다가 공연 정면쪽으로 이동해서도 구경함.ㅋㅋㅋ
팝송이랑 케이팝 적당히 섞어서 꽉찬 무대 보여줌 두번째로 나온 루카스 팀
이 팀도 진짜 노래 개잘하는 막내 있어서 좋았는데
아쉽게도 9월에는 여기서 공연 없고 10월부터 다시 한다고 함 노래 진짜 잘함. 
실력도 좋고 선곡도 넘나 좋.
  이 팀은 밴드도 막 악기 솔로도 막 해주고
앞팀이랑 분위기가 또 달라지니 재밌네ㅋ
공연들도 수준급인데다가 케이팝 위주로 해주니까
외국인들 오면 좋을거같음
서울관광명소로 추천ㅋ 공연 들으면서 야경 감상하면 진심 행복
저스트케이팝 just kpop 진짜 재밌게 즐기다 갔음.ㅋ
분위기는 뭐 최상급으로 훌륭하고
수준 높은 라이브공연을 바로 앞에서 식사하면서 볼 수 있는 장점이랑
음식도 너무 훌륭했고
직원분들도 하나같이 다 너무 친절해서
뭐 하나 깔 게 없는 매우 대만족스러운 곳이었음 잠실롯데월드몰 맛집 저스트케이팝 위치는 롯데월드몰 5층에 있다
잠실역 11번 출구에 가까움. 2호선에서 내릴거면 1번출구쪽으로 "
186,
187,
188,
189,
190,
